Volume,Open.Int,Impl Vol,Prob.Touch,BID,BX,ASK,AX,Exp,Strike,BID,BX,ASK,AX,Volume,Open.Int,Impl Vol,Prob.Touch
39,74,25.80%,19.01%,14.46,Q,15.15,Q,6 JAN 23,369,.48,E,.50,T,"2,313","2,629",26.10%,19.54%
334,473,25.75%,22.29%,13.57,Q,14.24,Q,6 JAN 23,370,.58,T,.60,E,"23,831","10,376",26.02%,22.79%
92,621,25.61%,25.80%,12.69,Q,13.34,Q,6 JAN 23,371,.70,N,.71,N,"3,034","5,253",25.92%,26.39%
38,"1,164",25.61%,29.97%,11.84,Z,12.47,Z,6 JAN 23,372,.84,N,.85,P,"4,903","3,764",25.90%,30.52%
216,"1,590",25.59%,34.51%,11.01,Z,11.62,Z,6 JAN 23,373,1.00,N,1.01,T,"6,780","8,844",25.86%,35.02%
79,"1,924",25.59%,39.49%,10.21,Z,10.79,Z,6 JAN 23,374,1.18,N,1.19,N,"4,078","5,056",25.80%,39.88%
"7,815","4,339",25.13%,44.05%,9.54,B,9.77,B,6 JAN 23,375,1.38,Q,1.40,P,"37,842","20,568",25.73%,45.14%
940,"3,803",25.13%,49.86%,8.78,B,9.00,B,6 JAN 23,376,1.62,N,1.63,N,"5,568","5,568",25.69%,50.82%
"1,652","3,651",25.16%,56.09%,8.07,B,8.25,B,6 JAN 23,377,1.88,Q,1.90,T,"5,293","3,499",25.66%,56.86%
"3,719","4,907",25.01%,62.38%,7.41,Z,7.46,N,6 JAN 23,378,2.17,Q,2.19,P,"9,401","5,918",25.58%,63.18%
"5,568","4,086",24.98%,69.17%,6.74,N,6.78,N,6 JAN 23,379,2.49,Q,2.51,N,"15,112","6,392",25.50%,69.78%
"21,785","7,052",24.92%,76.18%,6.10,N,6.13,T,6 JAN 23,380,2.84,Q,2.87,E,"46,218","13,452",25.43%,76.65%
"20,969","4,421",24.83%,83.39%,5.48,Z,5.52,N,6 JAN 23,381,3.22,Q,3.25,N,"8,439","6,611",25.29%,83.69%
"9,545","5,825",24.73%,90.77%,4.90,N,4.94,N,6 JAN 23,382,3.65,N,3.67,P,"5,549","5,898",25.21%,90.95%
"7,598","7,114",24.56%,98.26%,4.35,N,4.38,N,6 JAN 23,383,4.09,Q,4.12,N,"5,727","7,619",25.04%,98.29%
"6,108","6,885",24.38%,94.10%,3.83,Q,3.86,N,6 JAN 23,384,4.56,Z,4.61,P,"1,194","4,528",24.86%,94.21%
"29,763","14,242",24.20%,86.42%,3.35,Z,3.38,N,6 JAN 23,385,5.07,P,5.13,Z,"1,965","8,112",24.66%,86.67%
"7,246","4,078",23.94%,78.72%,2.90,Z,2.92,N,6 JAN 23,386,5.62,P,5.68,N,221,"5,283",24.44%,79.13%
"5,436","10,363",23.69%,71.09%,2.48,Z,2.51,N,6 JAN 23,387,6.21,P,6.27,P,331,"2,197",24.23%,71.69%
"2,520","1,917",23.55%,67.31%,2.29,N,2.31,N,6 JAN 23,387.5,6.48,B,6.65,B,18,"1,586",24.22%,68.14%
"5,730","2,827",23.38%,63.52%,2.10,Q,2.12,N,6 JAN 23,388,6.78,B,6.98,B,36,"1,418",24.09%,64.51%
"5,583","5,257",23.03%,56.09%,1.75,Z,1.77,N,6 JAN 23,389,7.42,B,7.65,B,203,"2,631",23.82%,57.36%
"31,405","15,924",22.73%,49.01%,1.45,P,1.46,N,6 JAN 23,390,8.09,B,8.37,B,782,"8,935",23.56%,50.52%
"4,471","3,783",22.41%,42.24%,1.18,N,1.19,N,6 JAN 23,391,8.80,B,9.12,B,251,862,23.30%,43.99%
"3,309","4,293",22.08%,35.88%,.94,Z,.96,N,6 JAN 23,392,9.39,T,9.99,T,77,"1,132",22.74%,37.26%
481,"1,331",21.91%,32.86%,.84,T,.85,N,6 JAN 23,392.5,9.78,T,10.40,T,6,788,22.64%,34.42%
"5,462","2,507",21.80%,30.12%,.75,T,.76,N,6 JAN 23,393,10.19,T,10.82,T,14,"4,134",22.61%,31.85%
"2,083","1,706",21.46%,24.76%,.58,P,.59,N,6 JAN 23,394,11.02,T,11.68,T,122,995,22.51%,27.00%
"5,683","7,047",21.25%,20.26%,.45,T,.46,N,6 JAN 23,395,12.06,Q,12.57,I,711,"4,578",23.52%,24.90%
"2,184","4,731",20.98%,16.21%,.34,T,.35,N,6 JAN 23,396,12.79,I,13.49,I,13,"2,608",22.73%,19.64%
Volume,Open.Int,Impl Vol,Prob.Touch,BID,BX,ASK,AX,Exp,Strike,BID,BX,ASK,AX,Volume,Open.Int,Impl Vol,Prob.Touch
<empty>,0,21.07%,21.16%,14.37,C,15.56,C,9 JAN 23,369,.66,I,.68,N,427,0,22.17%,23.56%
10,15,21.12%,24.71%,13.49,C,14.68,C,9 JAN 23,370,.78,I,.80,Q,"2,540",867,22.12%,26.96%
2,0,21.09%,28.45%,12.61,C,13.82,N,9 JAN 23,371,.92,T,.94,W,319,0,22.09%,30.74%
20,4,21.18%,32.85%,11.78,N,12.98,C,9 JAN 23,372,1.07,I,1.09,N,"1,012",230,21.98%,34.70%
4,301,21.20%,37.47%,10.96,N,12.16,C,9 JAN 23,373,1.25,Q,1.27,Z,783,167,21.95%,39.16%
4,581,21.11%,42.15%,10.65,B,10.84,B,9 JAN 23,374,1.45,I,1.47,N,506,232,21.91%,43.91%
60,555,21.14%,47.49%,9.89,I,10.06,B,9 JAN 23,375,1.67,Q,1.69,N,"1,575",731,21.83%,48.94%
300,"1,401",21.10%,52.99%,9.14,B,9.30,B,9 JAN 23,376,1.92,T,1.94,Z,912,108,21.79%,54.33%
414,776,21.10%,58.88%,8.43,B,8.57,B,9 JAN 23,377,2.19,Q,2.22,I,697,393,21.73%,59.99%
723,841,21.74%,66.03%,7.73,B,8.14,X,9 JAN 23,378,2.48,A,2.52,N,"2,059",596,21.63%,65.86%
"1,473",473,21.02%,71.32%,7.08,P,7.19,E,9 JAN 23,379,2.81,A,2.85,N,"1,316",548,21.56%,72.03%
"3,554",431,20.96%,77.86%,6.44,Z,6.55,W,9 JAN 23,380,3.16,P,3.21,E,"2,096",907,21.46%,78.38%
"2,011",484,20.88%,84.57%,5.87,Z,5.90,N,9 JAN 23,381,3.56,Q,3.60,E,966,514,21.39%,84.95%
954,702,20.76%,91.41%,5.28,W,5.32,N,9 JAN 23,382,3.97,A,4.01,Z,715,724,21.25%,91.61%
"1,319",359,20.65%,98.38%,4.73,Q,4.77,N,9 JAN 23,383,4.43,I,4.47,N,702,929,21.18%,98.43%
"1,500",438,20.52%,94.59%,4.21,W,4.25,N,9 JAN 23,384,4.93,X,4.95,P,231,"2,407",21.10%,94.73%
"1,646",421,20.39%,87.54%,3.73,Z,3.76,N,9 JAN 23,385,5.41,T,5.48,W,500,"3,246",20.92%,87.85%
752,992,20.25%,80.52%,3.28,N,3.31,N,9 JAN 23,386,5.95,Z,6.03,I,26,"2,050",20.77%,80.98%
"1,025",218,20.09%,73.54%,2.86,N,2.89,N,9 JAN 23,387,6.54,B,6.62,B,26,"1,589",20.66%,74.23%
"1,226",548,19.90%,66.64%,2.47,Z,2.50,N,9 JAN 23,388,7.15,B,7.23,B,14,37,20.49%,67.52%
444,494,19.68%,59.86%,2.11,Q,2.14,N,9 JAN 23,389,7.79,P,7.89,B,1,15,20.33%,61.01%
"1,303",475,19.48%,53.33%,1.79,Q,1.82,N,9 JAN 23,390,8.46,B,8.58,B,27,26,20.16%,54.68%
759,177,19.21%,46.89%,1.49,Z,1.52,N,9 JAN 23,391,9.16,B,9.30,B,9,22,19.98%,48.58%
943,595,19.03%,40.99%,1.24,A,1.27,N,9 JAN 23,392,9.91,B,10.06,B,1,34,19.87%,42.95%
152,0,18.78%,35.28%,1.01,Z,1.04,N,9 JAN 23,393,10.17,N,11.36,C,1,0,19.73%,37.61%
557,400,18.55%,30.04%,.82,A,.84,N,9 JAN 23,394,10.98,C,12.20,C,<empty>,0,19.72%,32.94%
239,0,18.38%,25.40%,.66,A,.68,N,9 JAN 23,395,11.83,C,13.04,C,<empty>,0,19.68%,28.62%
951,166,18.17%,21.12%,.52,A,.54,N,9 JAN 23,396,12.71,N,13.92,C,<empty>,2,19.76%,24.98%
485,0,18.03%,17.49%,.41,A,.43,P,9 JAN 23,397,13.61,C,14.83,C,6,0,19.93%,21.89%
193,42,17.90%,14.32%,.32,A,.34,Z,9 JAN 23,398,14.53,C,15.73,N,<empty>,3,20.01%,18.96%
Volume,Open.Int,Impl Vol,Prob.Touch,BID,BX,ASK,AX,Exp,Strike,BID,BX,ASK,AX,Volume,Open.Int,Impl Vol,Prob.Touch
2,0,21.44%,24.86%,14.57,C,15.76,C,10 JAN 23,369,.81,I,.83,N,913,0,22.16%,26.46%
3,2,21.37%,28.25%,13.69,N,14.89,C,10 JAN 23,370,.94,I,.96,N,"1,188",366,22.07%,29.85%
2,0,21.43%,32.25%,12.84,N,14.06,C,10 JAN 23,371,1.09,P,1.11,N,270,0,22.01%,33.58%
<empty>,16,21.35%,36.25%,12.01,N,13.21,C,10 JAN 23,372,1.25,T,1.28,P,652,169,21.93%,37.56%
4,86,21.27%,40.55%,11.69,B,11.89,B,10 JAN 23,373,1.44,I,1.46,N,296,375,21.84%,41.83%
45,238,21.24%,45.29%,10.90,B,11.10,X,10 JAN 23,374,1.64,A,1.67,N,354,306,21.75%,46.40%
221,165,21.18%,50.28%,10.14,I,10.32,B,10 JAN 23,375,1.87,W,1.90,N,845,"1,055",21.67%,51.28%
26,273,21.13%,55.55%,9.40,I,9.57,B,10 JAN 23,376,2.12,A,2.15,Q,"1,629",574,21.57%,56.39%
268,703,21.04%,61.04%,8.68,B,8.84,B,10 JAN 23,377,2.40,Q,2.43,Q,873,369,21.50%,61.82%
918,371,20.95%,66.78%,7.99,I,8.13,I,10 JAN 23,378,2.70,A,2.74,P,"1,265",359,21.41%,67.48%
794,325,20.86%,72.77%,7.33,B,7.45,B,10 JAN 23,379,3.02,A,3.07,P,"1,123",405,21.29%,73.32%
919,433,20.75%,78.95%,6.69,B,6.80,B,10 JAN 23,380,3.39,Q,3.43,Z,"3,090",868,21.21%,79.41%
"1,097",304,20.68%,85.34%,6.11,Z,6.17,N,10 JAN 23,381,3.77,A,3.82,E,"1,155",438,21.09%,85.64%
736,363,20.56%,91.84%,5.53,Q,5.58,N,10 JAN 23,382,4.18,B,4.23,Z,841,575,20.95%,92.00%
494,423,20.45%,98.47%,4.98,T,5.03,N,10 JAN 23,383,4.62,B,4.68,Z,285,541,20.81%,98.49%
319,482,20.30%,94.87%,4.46,Q,4.50,N,10 JAN 23,384,5.10,B,5.16,Z,82,621,20.69%,94.96%
"2,567",738,20.15%,88.16%,3.96,Z,4.01,N,10 JAN 23,385,5.60,E,5.67,Z,42,"1,624",20.53%,88.37%
"1,909",497,19.99%,81.45%,3.50,Z,3.55,N,10 JAN 23,386,6.14,Z,6.21,Z,6,519,20.39%,81.79%
"5,424",265,19.82%,74.77%,3.07,I,3.12,N,10 JAN 23,387,6.71,B,6.79,N,1,517,20.24%,75.26%
"2,457","2,053",19.68%,68.22%,2.68,Q,2.73,N,10 JAN 23,388,7.27,X,7.42,B,21,111,20.04%,68.75%
824,690,19.47%,61.71%,2.31,Z,2.36,N,10 JAN 23,389,7.94,B,8.07,B,2,6,19.97%,62.59%
573,501,19.29%,55.44%,1.98,Z,2.03,N,10 JAN 23,390,8.61,B,8.75,B,29,25,19.84%,56.51%
128,184,19.09%,49.37%,1.68,Z,1.73,N,10 JAN 23,391,9.30,X,9.46,B,<empty>,0,19.66%,50.59%
460,473,18.89%,43.55%,1.41,X,1.46,N,10 JAN 23,392,10.03,X,10.21,B,11,22,19.53%,45.05%
363,0,18.68%,38.03%,1.18,A,1.21,T,10 JAN 23,393,10.28,Q,11.49,N,<empty>,0,19.38%,39.75%
244,465,18.54%,33.04%,.98,A,1.01,N,10 JAN 23,394,11.11,N,12.29,C,5,0,19.37%,35.13%
355,0,18.35%,28.32%,.80,A,.83,A,10 JAN 23,395,11.94,C,13.12,C,1,0,19.31%,30.74%
99,49,18.12%,23.91%,.64,E,.67,N,10 JAN 23,396,12.80,C,14.01,C,4,1,19.43%,27.14%
32,0,18.00%,20.16%,.52,A,.54,N,10 JAN 23,397,13.65,C,14.87,C,<empty>,0,19.23%,23.15%
82,261,17.82%,16.71%,.41,Q,.43,T,10 JAN 23,398,14.56,C,15.78,C,<empty>,0,19.35%,20.28%
Volume,Open.Int,Impl Vol,Prob.Touch,BID,BX,ASK,AX,Exp,Strike,BID,BX,ASK,AX,Volume,Open.Int,Impl Vol,Prob.Touch
<empty>,0,21.62%,27.91%,14.76,C,15.95,C,11 JAN 23,369,.97,I,.98,N,134,82,22.16%,29.14%
1,0,21.59%,31.42%,13.90,C,15.10,N,11 JAN 23,370,1.10,Z,1.12,N,"3,254",298,22.03%,32.43%
1,0,21.51%,35.10%,13.05,N,14.26,C,11 JAN 23,371,1.26,I,1.28,P,189,142,21.96%,36.12%
11,0,21.50%,39.22%,12.23,N,13.45,C,11 JAN 23,372,1.44,I,1.45,N,340,253,21.87%,40.04%
3,0,21.43%,43.47%,11.94,B,12.13,B,11 JAN 23,373,1.63,Q,1.65,P,155,211,21.78%,44.24%
84,0,21.35%,47.99%,11.16,B,11.34,B,11 JAN 23,374,1.84,P,1.86,N,652,399,21.66%,48.64%
18,0,21.26%,52.75%,10.40,B,10.57,B,11 JAN 23,375,2.08,Z,2.10,Z,"1,942",272,21.58%,53.39%
20,0,21.15%,57.73%,9.65,I,9.83,B,11 JAN 23,376,2.33,A,2.36,Z,591,227,21.46%,58.31%
109,0,21.07%,63.02%,8.95,P,9.10,B,11 JAN 23,377,2.62,P,2.64,N,624,120,21.37%,63.52%
"1,076",64,20.96%,68.48%,8.26,B,8.40,B,11 JAN 23,378,2.92,Q,2.95,P,"1,168",72,21.26%,68.92%
"1,197",115,20.82%,74.13%,7.60,P,7.71,B,11 JAN 23,379,3.24,A,3.28,Z,503,9,21.11%,74.49%
"1,672",676,20.71%,80.02%,6.96,P,7.07,B,11 JAN 23,380,3.61,Z,3.64,P,"1,624",154,21.02%,80.31%
"3,419",877,20.58%,86.05%,6.38,P,6.42,N,11 JAN 23,381,3.98,B,4.03,P,904,136,20.87%,86.25%
"1,234",776,20.46%,92.24%,5.80,Q,5.83,N,11 JAN 23,382,4.40,B,4.45,E,800,147,20.76%,92.36%
501,502,20.31%,98.54%,5.24,Q,5.27,N,11 JAN 23,383,4.85,N,4.89,P,654,392,20.63%,98.56%
434,554,20.16%,95.11%,4.71,T,4.74,N,11 JAN 23,384,5.31,Z,5.37,Z,406,255,20.48%,95.18%
391,309,20.01%,88.72%,4.21,I,4.25,Q,11 JAN 23,385,5.82,B,5.87,P,496,801,20.34%,88.89%
591,266,19.86%,82.33%,3.75,T,3.78,N,11 JAN 23,386,6.35,A,6.41,Q,399,400,20.19%,82.60%
389,616,19.70%,75.96%,3.31,Q,3.35,N,11 JAN 23,387,6.91,B,6.98,W,251,506,20.03%,76.33%
681,479,19.53%,69.65%,2.91,Z,2.94,N,11 JAN 23,388,7.51,P,7.61,B,137,558,19.95%,70.24%
198,241,19.37%,63.47%,2.54,W,2.57,N,11 JAN 23,389,8.12,I,8.25,B,12,261,19.78%,64.15%
784,296,19.20%,57.43%,2.20,N,2.23,N,11 JAN 23,390,8.77,B,8.92,B,22,297,19.62%,58.23%
414,0,19.00%,51.53%,1.88,E,1.92,N,11 JAN 23,391,9.46,B,9.62,B,23,0,19.47%,52.54%
690,0,18.82%,45.91%,1.60,E,1.64,N,11 JAN 23,392,10.18,B,10.35,B,<empty>,0,19.33%,47.08%
685,0,18.64%,40.56%,1.35,E,1.39,N,11 JAN 23,393,10.92,B,11.12,B,<empty>,0,19.20%,41.91%
329,0,18.47%,35.55%,1.14,A,1.16,N,11 JAN 23,394,11.23,N,12.42,C,2,0,19.20%,37.36%
422,0,18.29%,30.84%,.94,A,.97,T,11 JAN 23,395,12.05,N,13.24,C,10,0,19.14%,33.01%
126,0,18.14%,26.59%,.78,T,.80,P,11 JAN 23,396,12.89,C,14.08,C,<empty>,0,19.08%,28.96%
27,0,18.01%,22.75%,.64,T,.66,T,11 JAN 23,397,13.76,C,14.95,N,<empty>,0,19.08%,25.42%
5,0,17.84%,19.19%,.52,Q,.53,N,11 JAN 23,398,14.66,C,15.88,C,<empty>,0,19.33%,22.76%
Volume,Open.Int,Impl Vol,Prob.Touch,BID,BX,ASK,AX,Exp,Strike,BID,BX,ASK,AX,Volume,Open.Int,Impl Vol,Prob.Touch
<empty>,0,41.37%,3.53%,52.97,C,54.18,N,12 JAN 23,330,.08,N,.09,Q,11,0,38.42%,2.32%
<empty>,0,36.12%,5.33%,43.04,C,44.26,C,12 JAN 23,340,.13,I,.14,N,52,0,33.77%,3.84%
<empty>,0,30.95%,8.67%,33.18,C,34.37,N,12 JAN 23,350,.26,N,.27,N,143,0,29.86%,7.56%
2,0,27.83%,18.85%,23.61,C,24.80,C,12 JAN 23,360,.67,N,.69,N,380,0,27.24%,17.89%
5,0,26.62%,44.01%,15.40,X,15.71,X,12 JAN 23,370,1.95,E,2.00,A,179,0,26.07%,43.02%
20,0,25.18%,48.90%,13.36,X,14.13,X,12 JAN 23,372,2.39,I,2.43,N,56,0,25.90%,50.16%
<empty>,0,26.22%,54.62%,13.10,B,13.34,X,12 JAN 23,373,2.62,E,2.67,B,308,0,25.78%,53.90%
12,0,26.09%,58.46%,12.36,B,12.59,X,12 JAN 23,374,2.88,E,2.93,A,209,0,25.68%,57.85%
<empty>,0,25.95%,62.47%,11.64,B,11.86,X,12 JAN 23,375,3.16,A,3.21,N,158,0,25.59%,61.96%
29,0,25.82%,66.62%,10.94,B,11.15,X,12 JAN 23,376,3.46,N,3.50,Q,75,0,25.47%,66.18%
44,0,25.76%,70.98%,10.29,B,10.46,B,12 JAN 23,377,3.77,Z,3.82,B,277,0,25.36%,70.53%
278,0,25.58%,75.34%,9.63,P,9.77,B,12 JAN 23,378,4.11,W,4.16,A,229,0,25.25%,75.02%
537,0,25.44%,79.86%,8.99,P,9.12,B,12 JAN 23,379,4.47,Z,4.52,N,472,0,25.14%,79.62%
661,0,25.30%,84.49%,8.40,T,8.47,B,12 JAN 23,380,4.84,Z,4.90,N,652,0,24.99%,84.29%
591,0,25.16%,89.21%,7.80,P,7.87,N,12 JAN 23,381,5.24,Z,5.30,N,724,0,24.86%,89.07%
428,0,25.00%,94.01%,7.22,P,7.29,B,12 JAN 23,382,5.66,Z,5.72,A,968,0,24.70%,93.93%
784,0,24.85%,98.87%,6.67,N,6.73,N,12 JAN 23,383,6.11,A,6.17,P,"2,342",0,24.57%,98.86%
585,0,24.70%,96.17%,6.14,N,6.20,B,12 JAN 23,384,6.57,E,6.64,E,"3,551",0,24.41%,96.12%
"1,160",0,24.53%,91.16%,5.63,Z,5.69,N,12 JAN 23,385,7.06,E,7.13,P,275,0,24.24%,91.06%
909,0,24.34%,86.12%,5.14,P,5.20,W,12 JAN 23,386,7.32,X,7.69,X,52,0,23.66%,85.74%
720,0,24.17%,81.10%,4.68,N,4.74,N,12 JAN 23,387,8.10,P,8.23,B,74,0,23.95%,80.94%
560,0,23.98%,76.07%,4.24,P,4.30,N,12 JAN 23,388,8.67,B,8.80,B,<empty>,0,23.79%,75.90%
385,0,23.78%,71.08%,3.83,N,3.88,N,12 JAN 23,389,9.26,B,9.39,B,12,0,23.61%,70.89%
717,0,23.59%,66.15%,3.44,N,3.49,N,12 JAN 23,390,9.85,B,10.01,B,6,0,23.39%,65.89%
244,0,23.38%,61.28%,3.07,P,3.13,N,12 JAN 23,391,10.48,B,10.66,B,<empty>,0,23.20%,61.01%
999,0,23.20%,56.55%,2.74,Z,2.79,X,12 JAN 23,392,11.14,B,11.34,B,<empty>,0,23.02%,56.26%
"1,877",0,21.63%,24.41%,.88,Q,.92,X,12 JAN 23,400,16.85,C,18.05,N,<empty>,0,21.68%,24.53%
263,0,20.71%,5.54%,.15,T,.16,N,12 JAN 23,410,26.35,C,27.58,C,<empty>,0,24.97%,11.08%
15,0,21.83%,1.36%,.03,Q,.04,N,12 JAN 23,420,36.35,C,37.58,N,<empty>,0,32.57%,9.56%
<empty>,0,24.50%,0.56%,.01,N,.02,T,12 JAN 23,430,46.35,C,47.57,C,<empty>,0,40.09%,8.75%
Volume,Open.Int,Impl Vol,Prob.Touch,BID,BX,ASK,AX,Exp,Strike,BID,BX,ASK,AX,Volume,Open.Int,Impl Vol,Prob.Touch
3,99,26.74%,42.90%,16.37,I,16.84,I,13 JAN 23,369,1.94,P,1.97,P,628,"1,784",25.95%,41.46%
88,305,26.57%,45.98%,15.66,X,15.93,X,13 JAN 23,370,2.13,A,2.16,N,"1,996","15,129",25.81%,44.64%
17,467,26.27%,49.01%,14.81,M,15.14,X,13 JAN 23,371,2.35,I,2.38,P,"3,662","1,101",25.75%,48.11%
66,695,26.43%,52.95%,14.11,B,14.42,X,13 JAN 23,372,2.57,A,2.61,P,565,"1,846",25.63%,51.63%
6,956,25.98%,56.04%,13.30,B,13.58,B,13 JAN 23,373,2.81,W,2.85,Z,"4,399","3,236",25.50%,55.29%
23,"1,161",25.86%,59.82%,12.57,B,12.84,B,13 JAN 23,374,3.07,I,3.12,E,823,"1,303",25.41%,59.15%
143,"1,549",25.71%,63.69%,11.85,B,12.11,B,13 JAN 23,375,3.35,N,3.40,P,"3,108","10,701",25.29%,63.12%
250,783,25.58%,67.73%,11.16,I,11.40,B,13 JAN 23,376,3.65,A,3.70,P,878,"3,989",25.18%,67.23%
356,"1,972",25.43%,71.87%,10.48,I,10.71,B,13 JAN 23,377,3.97,A,4.01,Z,"1,264","2,766",25.05%,71.44%
"2,528","2,025",25.29%,76.13%,9.83,B,10.03,B,13 JAN 23,378,4.30,Z,4.35,P,"1,460","1,316",24.92%,75.77%
"2,856","3,612",25.14%,80.50%,9.19,B,9.38,B,13 JAN 23,379,4.66,A,4.71,P,"2,029","1,696",24.79%,80.23%
"4,345","3,126",25.04%,85.01%,8.65,Z,8.70,N,13 JAN 23,380,5.03,E,5.09,P,"5,331","20,589",24.65%,84.77%
"2,833","1,935",24.87%,89.56%,8.05,Z,8.09,N,13 JAN 23,381,5.44,B,5.49,P,"3,585","2,231",24.53%,89.41%
"3,617","1,820",24.72%,94.20%,7.47,Q,7.51,N,13 JAN 23,382,5.85,Z,5.91,P,"1,699","2,666",24.36%,94.11%
"2,977","3,216",24.55%,98.91%,6.91,Q,6.95,N,13 JAN 23,383,6.30,B,6.35,P,"1,263","2,654",24.21%,98.89%
"2,031","1,650",24.41%,96.29%,6.38,N,6.42,N,13 JAN 23,384,6.75,E,6.82,P,"1,052","4,042",24.04%,96.24%
"2,956","3,715",24.21%,91.44%,5.86,Q,5.90,N,13 JAN 23,385,7.25,P,7.31,P,922,"6,263",23.90%,91.33%
"1,213",942,24.04%,86.57%,5.37,Z,5.41,N,13 JAN 23,386,7.75,I,7.84,Z,186,"2,421",23.74%,86.41%
"1,291","1,009",23.87%,81.70%,4.90,Q,4.95,N,13 JAN 23,387,8.29,P,8.37,Q,28,"3,315",23.56%,81.48%
"5,668",690,23.68%,76.83%,4.46,W,4.50,N,13 JAN 23,388,8.85,P,8.93,Q,21,"3,395",23.39%,76.56%
"1,564","1,252",23.49%,71.99%,4.04,Z,4.08,N,13 JAN 23,389,9.38,B,9.57,B,25,"3,511",23.21%,71.68%
"10,293","3,210",23.30%,67.20%,3.64,E,3.69,A,13 JAN 23,390,9.99,B,10.18,B,"2,992","3,830",23.03%,66.85%
727,"1,648",23.07%,62.41%,3.27,N,3.30,Q,13 JAN 23,391,10.60,B,10.84,B,14,"1,307",22.85%,62.09%
724,"1,427",22.91%,57.81%,2.92,P,2.97,A,13 JAN 23,392,11.25,B,11.51,B,14,"1,393",22.67%,57.43%
806,849,22.81%,55.52%,2.76,N,2.80,N,13 JAN 23,392.5,11.58,B,11.85,B,4,887,22.56%,55.11%
992,"2,097",22.70%,53.25%,2.60,P,2.64,N,13 JAN 23,393,11.92,B,12.20,B,3,"1,154",22.47%,52.84%
577,574,22.50%,48.82%,2.30,P,2.34,N,13 JAN 23,394,12.61,B,12.92,B,43,"1,034",22.27%,48.39%
"3,118","7,071",22.30%,44.55%,2.03,T,2.06,N,13 JAN 23,395,13.33,B,13.67,B,455,"4,367",22.10%,44.13%
641,"4,889",22.12%,40.45%,1.78,T,1.81,N,13 JAN 23,396,14.05,X,14.46,X,44,"1,658",21.91%,40.02%
685,"4,962",21.92%,36.52%,1.55,T,1.58,N,13 JAN 23,397,14.79,I,15.28,I,2,"1,305",21.73%,36.11%
Volume,Open.Int,Impl Vol,Prob.Touch,BID,BX,ASK,AX,Exp,Strike,BID,BX,ASK,AX,Volume,Open.Int,Impl Vol,Prob.Touch
52,373,24.60%,49.69%,17.47,X,17.76,X,20 JAN 23,369,2.72,I,2.76,I,"3,242","7,862",23.78%,48.17%
435,"11,558",24.62%,52.86%,16.68,X,17.08,I,20 JAN 23,370,2.94,E,2.98,P,"21,809","135,430",23.67%,51.16%
37,269,24.32%,55.58%,15.94,X,16.20,X,20 JAN 23,371,3.17,I,3.22,E,"2,175","9,046",23.57%,54.27%
30,676,24.10%,58.55%,15.16,X,15.43,X,20 JAN 23,372,3.42,I,3.47,E,"2,071","7,663",23.46%,57.50%
38,779,24.05%,61.92%,14.49,B,14.68,B,20 JAN 23,373,3.69,I,3.73,N,"1,669","5,001",23.35%,60.83%
21,"2,153",23.90%,65.22%,13.77,B,13.95,B,20 JAN 23,374,3.97,N,4.01,I,"1,335","35,362",23.24%,64.26%
796,"42,157",23.76%,68.64%,13.07,B,13.24,B,20 JAN 23,375,4.27,T,4.30,T,"18,183","106,416",23.13%,67.79%
"1,090","4,563",23.59%,72.12%,12.37,I,12.54,I,20 JAN 23,376,4.57,E,4.61,T,"1,781","31,879",22.99%,71.39%
"2,059","1,562",23.40%,75.68%,11.69,B,11.84,T,20 JAN 23,377,4.90,E,4.94,T,"4,824","4,368",22.88%,75.11%
"4,054","3,928",23.26%,79.39%,11.04,B,11.18,T,20 JAN 23,378,5.24,E,5.28,Q,"2,321","17,167",22.74%,78.90%
"5,548","4,176",23.20%,83.25%,10.43,B,10.57,X,20 JAN 23,379,5.60,E,5.65,N,"6,427","6,607",22.61%,82.79%
"10,872","33,498",23.02%,87.08%,9.84,P,9.89,N,20 JAN 23,380,5.98,E,6.03,E,"17,330","137,431",22.48%,86.76%
"5,961","6,943",22.86%,91.01%,9.23,N,9.29,N,20 JAN 23,381,6.38,E,6.42,Q,"6,249","16,293",22.34%,90.78%
"3,277","11,337",22.71%,95.00%,8.65,P,8.70,N,20 JAN 23,382,6.79,E,6.84,Z,"2,835","64,112",22.19%,94.88%
"5,428","7,994",22.56%,99.06%,8.09,Z,8.13,Q,20 JAN 23,383,7.23,E,7.28,Z,"1,456","7,662",22.06%,99.04%
"2,569","7,765",22.40%,96.82%,7.54,P,7.59,N,20 JAN 23,384,7.69,Z,7.73,Z,"1,000","63,532",21.91%,96.76%
"6,707","54,789",22.25%,92.67%,7.02,Z,7.06,N,20 JAN 23,385,8.16,Q,8.21,Q,"5,878","74,255",21.76%,92.52%
"2,951","4,520",22.10%,88.50%,6.51,P,6.56,N,20 JAN 23,386,8.66,P,8.71,Z,396,"8,977",21.62%,88.26%
"2,689","3,236",21.94%,84.30%,6.03,Z,6.07,N,20 JAN 23,387,9.14,X,9.23,Q,110,"23,384",21.41%,83.94%
"10,832","7,946",21.78%,80.11%,5.56,P,5.61,N,20 JAN 23,388,9.69,I,9.77,Q,137,"28,531",21.27%,79.67%
"2,458","9,305",21.61%,75.91%,5.12,P,5.16,N,20 JAN 23,389,10.27,P,10.33,Q,158,"24,034",21.14%,75.42%
"8,806","98,716",21.46%,71.75%,4.70,P,4.74,N,20 JAN 23,390,10.85,P,10.94,M,"4,708","95,216",21.02%,71.22%
"1,778","8,088",21.30%,67.62%,4.30,P,4.34,N,20 JAN 23,391,11.41,B,11.69,X,337,"5,887",21.02%,67.24%
"1,542","5,820",21.13%,63.52%,3.92,P,3.96,N,20 JAN 23,392,12.05,I,12.19,M,120,"4,127",20.68%,62.82%
"1,997","6,559",20.96%,59.48%,3.56,P,3.60,N,20 JAN 23,393,12.69,Z,12.85,E,20,"6,691",20.53%,58.73%
"1,429","7,480",20.79%,55.49%,3.22,N,3.26,N,20 JAN 23,394,13.36,T,13.66,X,42,"5,899",20.60%,55.15%
"9,633","31,083",20.62%,51.61%,2.91,Z,2.94,N,20 JAN 23,395,14.04,B,14.35,I,"1,337","59,519",20.42%,51.21%
"1,119","10,194",20.44%,47.79%,2.61,N,2.64,N,20 JAN 23,396,14.66,I,15.08,X,45,"17,625",20.12%,47.11%
"1,136","8,632",20.29%,44.15%,2.34,Z,2.37,N,20 JAN 23,397,15.43,X,15.82,X,17,"7,150",20.03%,43.58%
"1,111","8,591",20.11%,40.54%,2.08,W,2.11,N,20 JAN 23,398,16.18,X,16.59,X,11,"5,237",19.89%,40.05%
Volume,Open.Int,Impl Vol,Prob.Touch,BID,BX,ASK,AX,Exp,Strike,BID,BX,ASK,AX,Volume,Open.Int,Impl Vol,Prob.Touch
19,90,23.83%,57.89%,17.78,X,18.08,X,27 JAN 23,370,3.76,I,3.81,A,"4,084","5,261",22.87%,56.23%
5,11,23.67%,60.59%,17.03,X,17.32,X,27 JAN 23,371,4.01,I,4.06,A,202,489,22.76%,59.08%
19,57,23.69%,63.65%,16.31,X,16.68,X,27 JAN 23,372,4.27,I,4.33,A,"1,273","2,351",22.65%,62.02%
1,114,23.46%,66.40%,15.62,B,15.86,B,27 JAN 23,373,4.55,I,4.60,M,166,615,22.53%,65.03%
5,161,23.30%,69.34%,14.91,B,15.14,B,27 JAN 23,374,4.84,I,4.89,A,134,585,22.41%,68.13%
48,254,23.14%,72.37%,14.22,B,14.43,B,27 JAN 23,375,5.14,A,5.20,A,"2,841","3,922",22.29%,71.30%
33,153,22.99%,75.48%,13.55,B,13.73,B,27 JAN 23,376,5.46,I,5.51,Q,147,"3,062",22.16%,74.54%
57,154,22.84%,78.67%,12.88,B,13.06,B,27 JAN 23,377,5.79,Q,5.85,A,340,"1,526",22.03%,77.87%
189,"1,407",22.70%,81.94%,12.23,B,12.41,B,27 JAN 23,378,6.14,I,6.19,Q,"1,149","1,681",21.90%,81.25%
"1,184","3,205",22.54%,85.26%,11.59,I,11.77,B,27 JAN 23,379,6.50,I,6.56,E,987,"2,458",21.77%,84.71%
"1,977","4,367",22.42%,88.67%,11.03,Z,11.11,Z,27 JAN 23,380,6.88,I,6.93,Q,"6,386","6,620",21.62%,88.23%
927,"3,522",22.26%,92.12%,10.42,Z,10.50,B,27 JAN 23,381,7.26,W,7.33,N,"1,011","3,295",21.47%,91.81%
881,"1,684",22.11%,95.62%,9.83,Z,9.91,W,27 JAN 23,382,7.68,B,7.74,Q,942,"2,572",21.34%,95.45%
590,"2,070",22.03%,97.39%,9.54,Z,9.62,B,27 JAN 23,382.5,7.90,I,7.95,Q,565,"1,648",21.28%,97.29%
630,"2,278",21.96%,99.18%,9.26,Q,9.34,E,27 JAN 23,383,8.10,B,8.17,Q,609,"2,012",21.19%,99.14%
626,"2,388",21.80%,97.22%,8.70,E,8.78,W,27 JAN 23,384,8.56,I,8.62,Z,811,"2,434",21.07%,97.13%
"1,013","1,777",21.64%,93.59%,8.16,Z,8.24,B,27 JAN 23,385,9.03,A,9.09,E,"2,491","4,197",20.93%,93.39%
529,"1,031",21.48%,89.93%,7.64,Z,7.72,W,27 JAN 23,386,9.50,I,9.57,Z,689,"1,728",20.77%,89.60%
275,700,21.33%,86.25%,7.14,Z,7.22,Z,27 JAN 23,387,10.01,I,10.07,T,136,"1,470",20.63%,85.81%
707,422,21.24%,84.39%,6.89,T,6.97,A,27 JAN 23,387.5,10.23,I,10.37,A,150,"1,387",20.56%,83.91%
781,"1,092",21.16%,82.54%,6.65,E,6.73,A,27 JAN 23,388,10.49,I,10.63,B,178,"2,411",20.47%,82.00%
354,608,21.01%,78.85%,6.19,Z,6.26,A,27 JAN 23,389,11.03,I,11.17,B,408,577,20.32%,78.19%
"1,872","1,445",20.84%,75.14%,5.74,Z,5.81,A,27 JAN 23,390,11.59,I,11.74,B,143,"1,959",20.18%,74.40%
416,742,20.67%,71.44%,5.31,E,5.38,A,27 JAN 23,391,12.17,I,12.32,B,144,708,20.03%,70.61%
505,547,20.51%,67.77%,4.90,N,4.97,A,27 JAN 23,392,12.76,I,12.92,B,5,556,19.86%,66.83%
502,651,20.44%,65.95%,4.71,E,4.77,B,27 JAN 23,392.5,13.07,I,13.23,B,42,279,19.79%,64.97%
266,870,20.35%,64.13%,4.51,E,4.58,A,27 JAN 23,393,13.38,X,13.55,B,7,145,19.72%,63.12%
162,884,20.19%,60.52%,4.14,E,4.21,A,27 JAN 23,394,14.02,X,14.20,B,4,367,19.58%,59.46%
"1,919","3,081",20.03%,56.97%,3.79,A,3.86,A,27 JAN 23,395,14.67,X,14.86,B,451,"2,350",19.41%,55.80%
230,869,19.87%,53.46%,3.46,Z,3.52,A,27 JAN 23,396,15.33,X,15.69,M,5,284,19.45%,52.62%
Volume,Open.Int,Impl Vol,Prob.Touch,BID,BX,ASK,AX,Exp,Strike,BID,BX,ASK,AX,Volume,Open.Int,Impl Vol,Prob.Touch
2,52,24.72%,66.26%,18.59,X,18.93,X,3 FEB 23,371,5.25,T,5.30,M,374,396,23.48%,64.50%
7,67,24.59%,68.75%,17.89,X,18.21,X,3 FEB 23,372,5.53,I,5.59,A,238,736,23.37%,67.11%
<empty>,53,24.45%,71.28%,17.19,X,17.50,X,3 FEB 23,373,5.83,Q,5.89,E,127,"1,047",23.26%,69.80%
47,42,24.30%,73.85%,16.51,B,16.79,B,3 FEB 23,374,6.12,B,6.19,Q,576,822,23.12%,72.48%
46,385,24.16%,76.49%,15.84,B,16.10,B,3 FEB 23,375,6.44,A,6.51,Q,"1,631","2,014",23.00%,75.27%
50,544,24.01%,79.17%,15.17,I,15.43,B,3 FEB 23,376,6.79,Q,6.84,Q,229,778,22.90%,78.12%
203,384,23.88%,81.92%,14.52,I,14.78,I,3 FEB 23,377,7.13,I,7.19,M,175,242,22.77%,81.00%
<empty>,"1,307",23.81%,83.32%,14.20,I,14.46,I,3 FEB 23,377.5,7.31,A,7.37,E,274,416,22.72%,82.47%
862,180,23.75%,84.72%,13.89,I,14.14,B,3 FEB 23,378,7.49,A,7.55,M,576,668,22.65%,83.94%
"1,512",780,23.58%,87.54%,13.33,Z,13.42,Z,3 FEB 23,379,7.86,I,7.92,A,420,834,22.52%,86.92%
"1,554",763,23.43%,90.42%,12.71,T,12.80,B,3 FEB 23,380,8.24,I,8.30,Q,"2,255","2,412",22.38%,89.94%
776,"1,015",23.29%,93.34%,12.11,Z,12.20,E,3 FEB 23,381,8.64,A,8.70,Q,942,"1,121",22.25%,93.01%
766,999,23.14%,96.31%,11.52,Z,11.61,E,3 FEB 23,382,9.05,I,9.11,Q,950,946,22.11%,96.12%
454,"1,258",23.06%,97.80%,11.23,E,11.32,E,3 FEB 23,382.5,9.25,B,9.33,E,625,801,22.04%,97.69%
626,"1,177",22.99%,99.31%,10.95,E,11.03,W,3 FEB 23,383,9.47,A,9.54,Q,418,622,21.97%,99.27%
362,865,22.84%,97.64%,10.39,E,10.47,W,3 FEB 23,384,9.91,B,9.98,Q,"1,957","1,873",21.83%,97.54%
157,"1,404",22.68%,94.56%,9.84,Z,9.92,W,3 FEB 23,385,10.38,B,10.44,Q,351,"1,237",21.71%,94.33%
391,"1,181",22.54%,91.46%,9.31,Z,9.39,W,3 FEB 23,386,10.84,W,10.92,E,400,"1,632",21.56%,91.10%
272,"1,552",22.39%,88.33%,8.80,Z,8.87,A,3 FEB 23,387,11.33,W,11.41,E,248,"1,886",21.42%,87.85%
83,"2,129",22.32%,86.77%,8.55,E,8.62,A,3 FEB 23,387.5,11.58,W,11.66,Z,248,"1,873",21.35%,86.22%
237,"2,383",22.24%,85.20%,8.30,Z,8.37,A,3 FEB 23,388,11.84,B,11.92,E,15,"5,165",21.29%,84.60%
83,839,22.10%,82.06%,7.82,E,7.89,A,3 FEB 23,389,12.31,I,12.52,I,20,311,21.18%,81.35%
333,949,21.94%,78.92%,7.35,Z,7.42,A,3 FEB 23,390,12.84,I,13.05,M,174,482,21.01%,78.07%
145,"1,559",21.78%,75.77%,6.90,E,6.96,Z,3 FEB 23,391,13.35,I,13.66,I,<empty>,135,20.88%,74.82%
87,309,21.64%,72.63%,6.46,Z,6.53,A,3 FEB 23,392,13.92,I,14.24,I,<empty>,7,20.74%,71.57%
185,780,21.55%,71.05%,6.25,E,6.31,I,3 FEB 23,392.5,14.21,I,14.53,I,<empty>,43,20.66%,69.94%
91,348,21.48%,69.50%,6.04,Z,6.11,A,3 FEB 23,393,14.51,I,14.83,I,<empty>,77,20.60%,68.33%
60,387,21.33%,66.39%,5.64,Z,5.70,I,3 FEB 23,394,15.11,I,15.45,I,<empty>,6,20.45%,65.12%
208,822,21.17%,63.29%,5.25,E,5.31,A,3 FEB 23,395,15.73,I,16.08,I,25,11,20.31%,61.93%
23,617,21.02%,60.23%,4.88,Z,4.94,B,3 FEB 23,396,16.37,I,16.73,I,<empty>,11,20.17%,58.79%
Volume,Open.Int,Impl Vol,Prob.Touch,BID,BX,ASK,AX,Exp,Strike,BID,BX,ASK,AX,Volume,Open.Int,Impl Vol,Prob.Touch
<empty>,0,24.50%,64.14%,20.24,A,21.99,A,10 FEB 23,369,5.34,Z,5.43,N,172,2,23.14%,62.06%
7,8,24.33%,66.30%,19.51,A,21.23,A,10 FEB 23,370,5.61,Z,5.70,N,567,34,23.04%,64.42%
<empty>,0,24.21%,68.60%,18.80,A,20.52,A,10 FEB 23,371,5.89,E,5.98,N,278,3,22.93%,66.83%
104,0,24.07%,70.92%,18.10,A,19.80,A,10 FEB 23,372,6.18,I,6.27,N,333,10,22.81%,69.29%
108,0,23.95%,73.30%,17.41,A,19.11,A,10 FEB 23,373,6.48,Z,6.58,N,122,16,22.71%,71.80%
35,0,23.82%,75.72%,16.73,A,18.42,A,10 FEB 23,374,6.80,Z,6.89,N,4,3,22.60%,74.37%
4,0,24.31%,78.78%,16.77,B,17.63,M,10 FEB 23,375,7.12,E,7.22,Z,178,60,22.49%,76.97%
242,0,23.41%,80.58%,15.40,A,16.95,M,10 FEB 23,376,7.45,Z,7.55,N,399,17,22.36%,79.61%
316,0,23.36%,83.21%,14.75,A,16.38,A,10 FEB 23,377,7.80,E,7.90,N,78,24,22.24%,82.30%
497,0,23.95%,86.26%,14.82,B,15.73,A,10 FEB 23,378,8.16,E,8.26,N,307,13,22.12%,85.04%
426,8,23.26%,88.53%,14.33,N,14.43,N,10 FEB 23,379,8.53,Z,8.63,N,359,55,21.99%,87.82%
405,12,23.11%,91.18%,13.71,N,13.81,N,10 FEB 23,380,8.91,E,9.01,N,196,61,21.86%,90.63%
234,69,22.97%,93.87%,13.10,P,13.21,N,10 FEB 23,381,9.31,Z,9.41,N,593,37,21.74%,93.49%
87,73,22.81%,96.60%,12.51,N,12.61,N,10 FEB 23,382,9.72,Z,9.82,N,176,142,21.61%,96.39%
46,10,22.68%,99.36%,11.93,P,12.04,N,10 FEB 23,383,10.14,Z,10.24,N,573,514,21.47%,99.32%
416,38,22.53%,97.83%,11.37,N,11.47,N,10 FEB 23,384,10.58,Z,10.68,N,47,17,21.34%,97.72%
175,86,22.39%,95.00%,10.82,N,10.92,N,10 FEB 23,385,11.03,P,11.14,Z,31,4,21.21%,94.75%
70,4,22.25%,92.15%,10.28,N,10.38,N,10 FEB 23,386,11.50,Z,11.60,N,9,5,21.08%,91.75%
300,3,22.11%,89.29%,9.76,N,9.86,N,10 FEB 23,387,11.98,Z,12.09,Z,57,0,20.95%,88.75%
50,6,21.96%,86.40%,9.25,N,9.35,N,10 FEB 23,388,12.48,Z,12.58,N,13,8,20.81%,85.72%
39,1,21.83%,83.52%,8.76,Z,8.86,N,10 FEB 23,389,12.88,B,13.22,B,39,0,20.69%,82.70%
248,16,21.68%,80.62%,8.28,Z,8.38,N,10 FEB 23,390,12.69,A,14.28,A,3,12,20.37%,79.49%
220,7,21.53%,77.72%,7.81,N,7.91,N,10 FEB 23,391,13.23,A,14.95,A,36,0,20.35%,76.56%
75,14,21.39%,74.82%,7.36,E,7.46,N,10 FEB 23,392,13.80,A,15.38,A,<empty>,0,20.09%,73.37%
17,29,21.25%,71.94%,6.93,N,7.03,N,10 FEB 23,393,14.35,A,15.97,A,<empty>,1,19.94%,70.30%
331,0,21.11%,69.06%,6.51,N,6.61,N,10 FEB 23,394,14.97,A,16.58,A,<empty>,0,19.85%,67.33%
328,25,20.96%,66.18%,6.10,P,6.20,N,10 FEB 23,395,16.24,N,17.20,A,<empty>,14,20.44%,65.43%
35,0,20.82%,63.35%,5.72,H,5.81,N,10 FEB 23,396,16.15,A,17.87,A,4,0,19.57%,61.33%
6,0,20.53%,57.72%,4.98,P,5.08,N,10 FEB 23,398,17.44,A,19.34,A,<empty>,0,19.48%,55.79%
234,66,20.27%,52.26%,4.32,A,4.41,N,10 FEB 23,400,18.79,A,20.74,A,26,12,19.22%,50.15%
Volume,Open.Int,Impl Vol,Prob.Touch,BID,BX,ASK,AX,Exp,Strike,BID,BX,ASK,AX,Volume,Open.Int,Impl Vol,Prob.Touch
1,575,25.14%,67.65%,22.29,B,22.58,X,17 FEB 23,369,6.29,P,6.34,I,"1,732","7,379",23.43%,65.26%
78,"3,006",25.01%,69.68%,21.58,B,21.86,X,17 FEB 23,370,6.58,T,6.62,N,"8,901","33,937",23.33%,67.47%
93,"1,096",24.86%,71.74%,20.86,X,21.15,X,17 FEB 23,371,6.87,I,6.92,E,"1,093","11,162",23.23%,69.71%
67,"1,166",24.73%,73.87%,20.17,X,20.46,X,17 FEB 23,372,7.17,B,7.22,I,687,"6,431",23.12%,71.98%
11,992,24.61%,76.03%,19.50,X,19.77,X,17 FEB 23,373,7.48,T,7.53,I,337,"4,263",23.01%,74.29%
42,827,24.49%,78.23%,18.85,B,19.08,B,17 FEB 23,374,7.80,T,7.85,I,465,"3,225",22.90%,76.63%
152,"1,835",24.34%,80.44%,18.19,B,18.39,M,17 FEB 23,375,8.13,P,8.18,N,"7,469","63,792",22.78%,79.02%
40,"3,825",24.21%,82.71%,17.53,B,17.74,B,17 FEB 23,376,8.47,Q,8.52,N,481,"5,914",22.66%,81.44%
614,"2,266",24.08%,85.00%,16.89,B,17.09,B,17 FEB 23,377,8.82,B,8.88,N,"1,288","4,931",22.55%,83.91%
"1,340","2,373",23.94%,87.33%,16.26,X,16.45,B,17 FEB 23,378,9.19,T,9.24,Z,"1,186","6,783",22.43%,86.41%
"2,846","5,041",23.79%,89.68%,15.68,Z,15.76,N,17 FEB 23,379,9.56,A,9.62,Z,"1,504","5,759",22.31%,88.94%
"3,327","8,140",23.64%,92.07%,15.06,P,15.14,N,17 FEB 23,380,9.95,I,10.00,N,"8,942","66,509",22.19%,91.50%
"1,840","4,965",23.50%,94.49%,14.46,E,14.53,N,17 FEB 23,381,10.35,B,10.40,Z,865,"4,527",22.07%,94.10%
"1,450","6,400",23.37%,96.95%,13.88,Q,13.94,N,17 FEB 23,382,10.75,W,10.81,N,699,"8,903",21.93%,96.73%
"1,709","4,382",23.23%,99.43%,13.30,I,13.36,N,17 FEB 23,383,11.18,B,11.23,Z,"1,034","18,552",21.81%,99.38%
"1,218","7,768",23.11%,98.05%,12.76,Q,12.79,N,17 FEB 23,384,11.61,W,11.67,T,418,"9,634",21.69%,97.93%
"1,777","10,368",22.98%,95.50%,12.20,Q,12.24,E,17 FEB 23,385,12.06,P,12.11,Z,"1,122","14,989",21.55%,95.23%
990,"5,056",22.82%,92.93%,11.65,Q,11.69,Q,17 FEB 23,386,12.52,P,12.57,N,752,"4,564",21.42%,92.51%
678,"3,553",22.68%,90.35%,11.12,Q,11.16,Q,17 FEB 23,387,12.99,P,13.05,Z,825,"4,215",21.29%,89.78%
"1,795","3,375",22.54%,87.75%,10.60,Q,10.64,N,17 FEB 23,388,13.48,P,13.53,Z,"1,453","5,391",21.16%,87.03%
865,"2,792",22.41%,85.15%,10.10,N,10.14,N,17 FEB 23,389,13.98,P,14.04,Z,672,"4,262",21.03%,84.28%
"2,479","9,943",22.26%,82.53%,9.60,Q,9.64,N,17 FEB 23,390,14.43,I,14.68,B,"1,107","20,144",20.96%,81.56%
436,"4,529",22.11%,79.91%,9.12,Q,9.16,N,17 FEB 23,391,14.97,P,15.22,B,23,"2,310",20.84%,78.81%
651,"4,657",21.97%,77.29%,8.65,Q,8.70,N,17 FEB 23,392,15.50,P,15.76,B,18,"9,450",20.69%,76.04%
582,"4,547",21.84%,74.68%,8.20,Q,8.25,N,17 FEB 23,393,16.03,I,16.34,T,48,"4,654",20.55%,73.28%
429,"3,980",21.70%,72.06%,7.76,Z,7.81,N,17 FEB 23,394,16.61,T,16.92,T,151,"4,675",20.43%,70.54%
"1,463","8,664",21.56%,69.46%,7.34,N,7.38,N,17 FEB 23,395,17.19,T,17.51,T,232,"9,402",20.29%,67.79%
661,"6,317",21.42%,66.86%,6.93,W,6.97,N,17 FEB 23,396,17.79,T,18.12,T,61,"11,604",20.16%,65.07%
769,"5,483",21.27%,64.27%,6.53,Q,6.57,N,17 FEB 23,397,18.41,I,18.75,I,4,"4,500",20.04%,62.38%
592,"6,931",21.14%,61.71%,6.15,Q,6.19,N,17 FEB 23,398,19.04,I,19.39,I,18,"4,158",19.91%,59.71%
Volume,Open.Int,Impl Vol,Prob.Touch,BID,BX,ASK,AX,Exp,Strike,BID,BX,ASK,AX,Volume,Open.Int,Impl Vol,Prob.Touch
<empty>,884,25.63%,74.76%,26.21,M,26.58,I,17 MAR 23,369,9.38,Z,9.44,N,437,"5,078",23.95%,72.88%
11,"12,304",25.49%,76.37%,25.51,M,25.87,I,17 MAR 23,370,9.68,Z,9.75,Z,"6,033","36,387",23.85%,74.64%
2,"2,099",25.35%,78.02%,24.82,M,25.18,I,17 MAR 23,371,9.99,Z,10.06,Z,354,"4,968",23.74%,76.42%
4,"1,733",25.21%,79.68%,24.13,M,24.49,I,17 MAR 23,372,10.31,Z,10.38,N,261,"1,815",23.64%,78.22%
3,"1,440",25.06%,81.37%,23.46,M,23.80,I,17 MAR 23,373,10.63,E,10.70,N,202,"3,692",23.52%,80.04%
2,"5,039",24.83%,83.02%,22.67,Q,23.13,I,17 MAR 23,374,10.96,Z,11.04,P,744,"6,458",23.41%,81.89%
80,"8,369",24.78%,84.83%,22.13,M,22.46,I,17 MAR 23,375,11.30,E,11.38,P,"10,454","34,362",23.29%,83.76%
43,"3,058",24.66%,86.60%,21.50,M,21.80,I,17 MAR 23,376,11.65,Z,11.72,N,684,"8,350",23.17%,85.65%
41,"1,002",24.50%,88.37%,20.83,M,21.15,I,17 MAR 23,377,12.01,Z,12.08,Z,294,"3,510",23.06%,87.57%
18,"2,447",24.35%,90.18%,20.19,M,20.50,I,17 MAR 23,378,12.37,E,12.45,P,138,"11,577",22.94%,89.51%
19,"2,403",24.21%,92.01%,19.56,M,19.87,I,17 MAR 23,379,12.74,Z,12.82,Z,836,"6,646",22.82%,91.47%
967,"19,532",24.09%,93.87%,18.97,M,19.24,I,17 MAR 23,380,13.17,Z,13.20,Z,"10,591","93,285",22.73%,93.46%
124,"5,078",23.92%,95.74%,18.33,M,18.62,I,17 MAR 23,381,13.52,Z,13.59,Z,471,"5,114",22.58%,95.45%
159,"8,499",23.78%,97.64%,17.73,M,18.01,I,17 MAR 23,382,13.91,Z,13.99,Z,300,"5,781",22.45%,97.48%
116,"3,301",23.64%,99.56%,17.13,M,17.41,I,17 MAR 23,383,14.32,E,14.40,Z,463,"3,404",22.33%,99.53%
339,"3,232",23.50%,98.48%,16.55,M,16.82,I,17 MAR 23,384,14.74,P,14.82,Z,261,"4,149",22.21%,98.40%
"4,272","16,724",23.34%,96.49%,15.97,M,16.23,I,17 MAR 23,385,15.17,Z,15.25,Z,799,"38,234",22.08%,96.31%
316,"3,876",23.22%,94.49%,15.43,M,15.66,I,17 MAR 23,386,15.61,Z,15.69,P,784,"5,829",21.96%,94.21%
188,"11,207",23.08%,92.47%,14.87,M,15.10,I,17 MAR 23,387,16.06,Z,16.14,P,"1,005","4,607",21.84%,92.09%
867,"6,795",22.92%,90.44%,14.30,M,14.55,I,17 MAR 23,388,16.42,B,16.75,I,"2,083","3,653",21.75%,89.98%
131,"2,312",22.75%,88.39%,13.76,W,13.97,I,17 MAR 23,389,16.89,I,17.22,B,89,"4,203",21.62%,87.85%
579,"22,309",22.61%,86.33%,13.26,N,13.41,I,17 MAR 23,390,17.39,N,17.71,B,"5,117","16,634",21.52%,85.72%
192,"1,856",22.48%,84.28%,12.73,N,12.92,I,17 MAR 23,391,17.85,I,18.21,B,27,"4,516",21.37%,83.56%
196,"5,187",22.35%,82.22%,12.22,M,12.43,N,17 MAR 23,392,18.35,I,18.72,B,<empty>,"5,699",21.25%,81.41%
81,"4,091",22.20%,80.15%,11.72,T,11.93,N,17 MAR 23,393,18.86,I,19.24,B,8,"4,336",21.12%,79.26%
638,"2,691",22.05%,78.06%,11.23,T,11.43,N,17 MAR 23,394,19.42,I,19.77,B,103,"4,483",21.02%,77.12%
776,"7,055",21.89%,75.95%,10.78,Z,10.89,N,17 MAR 23,395,20.02,I,20.33,I,626,"37,577",20.96%,75.03%
249,"4,234",21.75%,73.88%,10.32,E,10.43,N,17 MAR 23,396,20.50,M,20.88,B,71,"3,678",20.78%,72.82%
162,"3,742",21.63%,71.82%,9.88,M,9.99,N,17 MAR 23,397,21.02,I,21.46,I,10,"1,949",20.64%,70.64%
131,"5,163",21.49%,69.73%,9.44,M,9.54,N,17 MAR 23,398,21.59,I,22.05,I,18,"5,598",20.52%,68.50%
Volume,Open.Int,Impl Vol,Prob.Touch,BID,BX,ASK,AX,Exp,Strike,BID,BX,ASK,AX,Volume,Open.Int,Impl Vol,Prob.Touch
<empty>,614,25.09%,76.28%,27.35,I,27.97,I,31 MAR 23,369,10.75,N,10.88,N,6,458,24.22%,75.36%
14,"5,090",24.97%,77.82%,26.67,I,27.28,I,31 MAR 23,370,11.06,N,11.19,N,"1,496","7,114",24.11%,76.97%
1,163,24.85%,79.38%,25.99,I,26.60,I,31 MAR 23,371,11.38,N,11.51,N,1,546,24.01%,78.60%
<empty>,"3,065",24.73%,80.96%,25.32,I,25.92,I,31 MAR 23,372,11.70,N,11.83,N,17,192,23.90%,80.24%
<empty>,"4,652",24.60%,82.56%,24.66,I,25.24,I,31 MAR 23,373,12.01,E,12.16,N,36,650,23.78%,81.89%
<empty>,"3,688",24.49%,84.18%,24.01,I,24.58,I,31 MAR 23,374,12.35,E,12.50,N,7,"5,138",23.67%,83.58%
12,"2,619",24.36%,85.82%,23.36,I,23.92,I,31 MAR 23,375,12.69,E,12.84,N,881,"8,326",23.55%,85.28%
<empty>,"3,262",24.24%,87.47%,22.72,I,23.26,I,31 MAR 23,376,13.04,E,13.19,N,14,"4,552",23.44%,87.00%
6,128,24.11%,89.15%,22.08,I,22.62,I,31 MAR 23,377,13.40,I,13.55,N,69,"1,730",23.33%,88.74%
2,327,23.98%,90.84%,21.45,I,21.98,I,31 MAR 23,378,13.76,E,13.92,N,57,725,23.21%,90.50%
12,533,23.86%,92.55%,20.83,I,21.35,I,31 MAR 23,379,14.15,N,14.29,N,85,"4,931",23.11%,92.28%
329,"4,534",23.73%,94.29%,20.22,I,20.73,I,31 MAR 23,380,14.51,N,14.67,N,888,"6,648",22.97%,94.07%
14,163,23.60%,96.03%,19.61,I,20.11,I,31 MAR 23,381,14.90,E,15.06,N,86,"1,968",22.86%,95.89%
29,178,23.47%,97.80%,19.02,I,19.50,I,31 MAR 23,382,15.30,E,15.45,N,56,"1,376",22.73%,97.72%
31,140,23.35%,99.59%,18.43,I,18.91,I,31 MAR 23,383,15.70,E,15.86,N,204,758,22.62%,99.57%
5,538,23.21%,98.59%,17.85,I,18.31,I,31 MAR 23,384,16.11,Z,16.27,N,45,588,22.49%,98.55%
"3,440","2,672",23.08%,96.74%,17.27,I,17.73,I,31 MAR 23,385,16.53,E,16.69,N,956,"4,448",22.36%,96.65%
1,193,22.96%,94.89%,16.71,I,17.16,I,31 MAR 23,386,16.96,Z,17.12,N,136,"2,135",22.24%,94.74%
3,211,22.82%,93.02%,16.15,I,16.59,I,31 MAR 23,387,17.48,N,17.56,N,15,468,22.16%,92.84%
5,189,22.70%,91.14%,15.61,I,16.04,I,31 MAR 23,388,17.86,E,18.01,N,16,"1,112",22.00%,90.90%
1,168,22.57%,89.26%,15.07,I,15.49,I,31 MAR 23,389,18.21,I,18.64,I,3,551,21.92%,88.98%
27,927,22.39%,87.34%,14.62,H,14.80,Z,31 MAR 23,390,18.68,I,19.12,I,47,"2,844",21.80%,87.04%
713,"3,087",21.77%,77.78%,12.09,E,12.32,E,31 MAR 23,395,21.15,I,21.65,I,212,"1,855",21.18%,77.25%
976,"12,412",21.12%,68.14%,9.85,N,10.00,N,31 MAR 23,400,23.90,I,24.45,I,311,"3,537",20.58%,67.43%
78,"1,602",20.57%,58.74%,7.88,I,8.06,X,31 MAR 23,405,26.93,I,27.56,I,4,"1,546",19.99%,57.76%
"6,299","13,329",20.03%,49.66%,6.19,I,6.34,I,31 MAR 23,410,30.27,I,30.99,I,34,430,19.46%,48.51%
18,629,19.74%,44.51%,5.31,I,5.46,I,31 MAR 23,413,32.42,I,33.19,I,<empty>,302,19.14%,43.22%
2,552,19.66%,42.88%,5.04,M,5.20,X,31 MAR 23,414,33.15,I,33.95,I,<empty>,265,19.04%,41.49%
68,"1,837",19.56%,41.22%,4.77,E,4.93,A,31 MAR 23,415,33.91,I,34.73,I,<empty>,291,18.95%,39.85%
<empty>,"1,583",19.47%,39.62%,4.52,E,4.68,I,31 MAR 23,416,34.67,I,35.51,I,<empty>,"4,412",18.85%,38.19%
Volume,Open.Int,Impl Vol,Prob.Touch,BID,BX,ASK,AX,Exp,Strike,BID,BX,ASK,AX,Volume,Open.Int,Impl Vol,Prob.Touch
<empty>,106,32.06%,24.02%,77.47,I,78.64,I,21 APR 23,310,2.12,I,2.17,N,"1,101","10,710",29.25%,19.43%
<empty>,86,31.26%,26.49%,72.90,I,74.04,I,21 APR 23,315,2.45,I,2.52,N,88,"12,320",28.66%,22.04%
<empty>,37,30.52%,29.31%,68.40,I,69.50,I,21 APR 23,320,2.86,I,2.95,N,164,"17,777",28.16%,25.11%
<empty>,114,29.85%,32.54%,63.98,I,65.04,I,21 APR 23,325,3.35,E,3.44,N,303,"5,105",27.68%,28.56%
5,36,29.22%,36.16%,59.64,I,60.66,I,21 APR 23,330,3.93,I,4.03,N,501,"9,254",27.26%,32.49%
<empty>,14,28.65%,40.23%,55.40,I,56.38,I,21 APR 23,335,4.61,I,4.71,N,209,"1,787",26.85%,36.85%
<empty>,104,28.10%,44.70%,51.26,I,52.19,I,21 APR 23,340,5.39,I,5.50,I,297,"8,605",26.46%,41.65%
<empty>,140,27.58%,49.61%,47.24,I,48.11,I,21 APR 23,345,6.28,I,6.39,N,51,"3,208",26.06%,46.88%
<empty>,224,27.07%,54.92%,43.33,I,44.14,I,21 APR 23,350,7.29,I,7.40,N,"1,083","9,968",25.67%,52.53%
<empty>,"2,345",26.58%,60.65%,39.54,I,40.30,I,21 APR 23,355,8.42,I,8.54,N,350,"3,896",25.27%,58.59%
2,"1,173",26.07%,66.75%,35.87,I,36.58,I,21 APR 23,360,9.70,Q,9.80,N,444,"20,618",24.86%,65.06%
<empty>,35,25.56%,73.24%,32.34,I,32.99,I,21 APR 23,365,11.07,N,11.20,N,220,"5,848",24.40%,71.88%
1,394,25.02%,80.09%,28.94,I,29.53,I,21 APR 23,370,12.60,A,12.73,N,"1,437","18,793",23.93%,79.09%
46,354,24.47%,87.32%,25.68,I,26.23,I,21 APR 23,375,14.28,N,14.42,N,403,"7,271",23.43%,86.68%
402,"1,542",23.90%,94.91%,22.57,I,23.08,I,21 APR 23,380,16.11,E,16.26,N,"3,105","21,518",22.89%,94.65%
"1,070","3,131",23.33%,97.09%,19.64,I,20.10,I,21 APR 23,385,18.14,E,18.29,N,722,"7,268",22.34%,96.99%
11,"1,619",22.73%,88.75%,16.88,I,17.30,I,21 APR 23,390,20.27,I,20.70,I,106,"9,968",21.84%,88.36%
324,"1,486",22.15%,80.27%,14.41,X,14.64,A,21 APR 23,395,22.70,I,23.17,I,21,"6,102",21.28%,79.58%
168,"4,485",21.54%,71.70%,12.06,A,12.25,N,21 APR 23,400,25.35,I,25.88,I,118,"4,820",20.71%,70.74%
165,"6,207",20.97%,63.19%,9.94,N,10.13,E,21 APR 23,405,28.27,I,28.70,N,5,"6,571",20.06%,61.81%
209,"2,534",20.44%,54.90%,8.08,C,8.26,N,21 APR 23,410,31.44,I,32.10,I,10,"2,093",19.62%,53.39%
99,"1,952",19.95%,46.96%,6.47,X,6.63,I,21 APR 23,415,34.89,I,35.64,I,512,"4,745",19.10%,45.18%
"1,148","7,320",19.49%,39.53%,5.10,X,5.25,I,21 APR 23,420,38.63,I,39.47,I,11,854,18.62%,37.53%
69,"9,505",19.08%,32.73%,3.95,X,4.11,N,21 APR 23,425,42.64,I,43.59,I,<empty>,"2,396",18.18%,30.57%
582,"3,653",18.72%,26.67%,3.03,N,3.16,N,21 APR 23,430,46.92,I,47.99,I,5,890,17.82%,24.48%
302,"6,026",18.40%,21.41%,2.29,I,2.41,N,21 APR 23,435,51.46,I,52.68,I,<empty>,8,17.69%,19.73%
350,789,18.15%,16.97%,1.72,I,1.82,H,21 APR 23,440,56.32,I,57.65,I,5,28,18.49%,17.73%
58,486,17.90%,13.21%,1.25,E,1.37,E,21 APR 23,445,61.31,I,62.65,I,1,14,19.66%,16.80%
293,"2,024",17.78%,10.32%,.95,I,1.02,I,21 APR 23,450,66.31,I,67.65,I,1,19,20.85%,16.07%
57,"2,278",17.69%,7.98%,.71,I,.76,N,21 APR 23,455,71.31,I,72.65,I,<empty>,0,22.04%,15.46%
Volume,Open.Int,Impl Vol,Prob.Touch,BID,BX,ASK,AX,Exp,Strike,BID,BX,ASK,AX,Volume,Open.Int,Impl Vol,Prob.Touch
<empty>,608,26.13%,83.44%,35.67,I,36.35,M,16 JUN 23,369,16.08,E,16.23,E,12,707,24.11%,81.84%
6,"4,668",26.02%,84.54%,35.01,I,35.68,M,16 JUN 23,370,16.40,E,16.55,N,"1,864","20,640",24.01%,83.04%
<empty>,"1,805",25.91%,85.65%,34.36,I,35.01,M,16 JUN 23,371,16.74,E,16.89,N,26,700,23.93%,84.27%
<empty>,"4,876",25.81%,86.77%,33.70,I,34.36,M,16 JUN 23,372,17.07,E,17.23,E,4,"1,056",23.83%,85.49%
<empty>,"7,825",25.70%,87.90%,33.06,I,33.70,M,16 JUN 23,373,17.42,E,17.57,N,38,"1,897",23.74%,86.74%
128,"5,514",25.59%,89.04%,32.42,I,33.05,M,16 JUN 23,374,17.77,E,17.92,N,208,"7,264",23.65%,87.99%
293,"8,062",25.48%,90.19%,31.78,I,32.41,M,16 JUN 23,375,18.12,E,18.27,N,716,"21,477",23.55%,89.24%
<empty>,"5,708",25.37%,91.34%,31.15,I,31.77,M,16 JUN 23,376,18.48,E,18.63,N,24,810,23.46%,90.51%
18,"3,958",25.26%,92.51%,30.52,I,31.13,M,16 JUN 23,377,18.84,Z,19.00,N,36,"1,177",23.37%,91.80%
5,"2,639",25.16%,93.69%,29.90,I,30.51,M,16 JUN 23,378,19.21,Z,19.37,N,8,"1,239",23.27%,93.09%
3,"1,170",25.04%,94.88%,29.28,I,29.88,M,16 JUN 23,379,19.59,Z,19.75,N,28,"1,106",23.18%,94.39%
499,"4,541",24.84%,96.05%,28.67,I,29.07,I,16 JUN 23,380,19.97,Z,20.13,N,"3,232","23,006",23.08%,95.70%
41,"2,866",24.82%,97.28%,28.06,I,28.65,M,16 JUN 23,381,20.36,Z,20.52,N,245,"1,106",22.99%,97.02%
27,"1,129",24.71%,98.49%,27.46,I,28.04,M,16 JUN 23,382,20.75,Z,20.91,N,91,"1,461",22.89%,98.35%
29,"3,540",24.60%,99.72%,26.86,I,27.44,M,16 JUN 23,383,21.15,Z,21.31,N,72,"1,475",22.79%,99.69%
4,"4,326",24.49%,99.01%,26.27,I,26.84,M,16 JUN 23,384,21.56,E,21.72,N,31,974,22.70%,98.94%
"1,337","4,084",24.38%,97.72%,25.69,I,26.25,M,16 JUN 23,385,21.97,E,22.13,N,132,"7,051",22.60%,97.57%
200,"1,856",24.27%,96.42%,25.11,I,25.66,M,16 JUN 23,386,22.39,Z,22.55,N,24,"3,627",22.51%,96.19%
225,"2,195",24.15%,95.11%,24.53,I,25.08,M,16 JUN 23,387,22.82,E,22.97,N,37,747,22.41%,94.80%
<empty>,"1,979",24.04%,93.81%,23.96,I,24.51,M,16 JUN 23,388,23.25,E,23.41,N,270,"3,486",22.31%,93.41%
<empty>,"1,729",23.95%,92.50%,23.40,I,23.97,I,16 JUN 23,389,23.68,E,23.84,N,391,"1,802",22.20%,92.01%
"5,488","12,324",23.84%,91.18%,22.85,I,23.41,I,16 JUN 23,390,24.13,E,24.29,N,"3,592","17,303",22.11%,90.62%
<empty>,"2,492",23.72%,89.86%,22.29,I,22.85,I,16 JUN 23,391,24.58,E,24.74,N,79,"3,681",22.01%,89.21%
<empty>,"3,694",23.61%,88.54%,21.75,I,22.30,I,16 JUN 23,392,25.04,E,25.20,N,633,"2,890",21.91%,87.80%
4,"2,502",23.50%,87.21%,21.21,I,21.76,I,16 JUN 23,393,25.37,I,25.87,M,6,983,21.84%,86.41%
5,"2,715",23.39%,85.88%,20.68,I,21.22,I,16 JUN 23,394,25.84,I,26.35,M,6,"1,121",21.75%,85.00%
2,"9,368",23.19%,84.49%,20.15,I,20.52,B,16 JUN 23,395,26.32,I,26.84,M,23,"7,819",21.65%,83.58%
<empty>,"3,004",23.13%,83.18%,19.72,I,20.01,I,16 JUN 23,396,26.80,I,27.33,M,8,"2,497",21.55%,82.16%
<empty>,"2,043",23.05%,81.86%,19.23,E,19.53,N,16 JUN 23,397,27.29,I,27.82,M,4,"1,124",21.45%,80.74%
776,"3,883",22.94%,80.51%,18.71,E,19.02,E,16 JUN 23,398,27.79,I,28.33,M,2,502,21.35%,79.31%
Volume,Open.Int,Impl Vol,Prob.Touch,BID,BX,ASK,AX,Exp,Strike,BID,BX,ASK,AX,Volume,Open.Int,Impl Vol,Prob.Touch
<empty>,8,25.74%,83.83%,36.43,M,37.20,M,30 JUN 23,369,16.82,A,17.09,A,<empty>,836,24.09%,82.55%
2,"1,238",25.63%,84.90%,35.77,M,36.53,M,30 JUN 23,370,17.15,X,17.43,E,8,"1,303",24.01%,83.72%
<empty>,270,25.53%,85.99%,35.12,M,35.87,M,30 JUN 23,371,17.48,E,17.76,E,13,121,23.91%,84.89%
<empty>,174,25.43%,87.08%,34.47,M,35.22,M,30 JUN 23,372,17.82,H,18.10,E,<empty>,111,23.82%,86.07%
<empty>,11,25.33%,88.19%,33.83,M,34.57,M,30 JUN 23,373,18.16,X,18.45,N,1,48,23.74%,87.26%
<empty>,11,25.23%,89.30%,33.19,M,33.93,M,30 JUN 23,374,18.49,E,18.79,Z,13,66,23.63%,88.46%
<empty>,240,25.12%,90.43%,32.56,M,33.29,M,30 JUN 23,375,18.87,E,19.15,N,22,"1,486",23.55%,89.68%
<empty>,8,25.02%,91.56%,31.93,M,32.65,M,30 JUN 23,376,19.21,E,19.51,E,4,46,23.45%,90.89%
<empty>,565,24.91%,92.70%,31.30,I,32.02,M,30 JUN 23,377,19.59,E,19.88,E,13,102,23.37%,92.13%
7,49,24.81%,93.85%,30.69,M,31.39,M,30 JUN 23,378,19.96,N,20.25,E,20,126,23.28%,93.37%
<empty>,13,24.71%,95.00%,30.07,M,30.77,M,30 JUN 23,379,20.34,A,20.63,H,33,122,23.19%,94.62%
4,748,24.60%,96.17%,29.46,I,30.16,M,30 JUN 23,380,20.72,E,21.01,Z,472,"1,592",23.10%,95.87%
12,546,24.50%,97.35%,28.86,M,29.55,M,30 JUN 23,381,21.11,E,21.40,Z,45,115,23.01%,97.14%
1,22,24.40%,98.53%,28.26,M,28.94,M,30 JUN 23,382,21.50,C,21.79,N,5,335,22.91%,98.42%
25,56,24.29%,99.72%,27.66,I,28.34,M,30 JUN 23,383,21.90,N,22.19,Z,2,131,22.82%,99.70%
<empty>,15,24.19%,99.04%,27.08,M,27.75,M,30 JUN 23,384,22.31,N,22.59,C,28,123,22.72%,98.99%
1,779,24.08%,97.78%,26.49,M,27.16,M,30 JUN 23,385,22.72,N,23.01,E,34,886,22.63%,97.67%
4,55,23.97%,96.52%,25.91,M,26.57,M,30 JUN 23,386,23.11,E,23.42,E,<empty>,43,22.52%,96.34%
<empty>,30,23.87%,95.26%,25.34,M,25.99,M,30 JUN 23,387,23.54,E,23.85,E,39,122,22.43%,95.01%
<empty>,29,23.76%,93.99%,24.77,M,25.42,M,30 JUN 23,388,23.98,N,24.27,E,<empty>,186,22.34%,93.68%
<empty>,85,23.66%,92.72%,24.21,M,24.85,M,30 JUN 23,389,24.42,N,24.71,C,<empty>,163,22.24%,92.34%
3,172,23.55%,91.44%,23.66,M,24.29,M,30 JUN 23,390,24.84,E,25.15,I,148,700,22.14%,91.00%
2,30,23.44%,90.16%,23.10,M,23.73,M,30 JUN 23,391,25.29,E,25.60,E,<empty>,198,22.04%,89.65%
5,55,23.34%,88.88%,22.56,M,23.18,M,30 JUN 23,392,25.74,E,26.05,E,<empty>,228,21.94%,88.30%
6,59,23.23%,87.59%,22.02,M,22.64,M,30 JUN 23,393,26.14,E,26.53,N,2,159,21.82%,86.93%
<empty>,21,23.13%,86.30%,21.49,M,22.10,M,30 JUN 23,394,26.58,M,27.19,I,<empty>,86,21.80%,85.61%
1,621,23.03%,85.01%,20.96,I,21.60,I,30 JUN 23,395,27.06,M,27.67,I,3,349,21.71%,84.26%
<empty>,21,22.93%,83.71%,20.44,I,21.07,I,30 JUN 23,396,27.54,M,28.15,I,<empty>,70,21.61%,82.90%
14,63,22.82%,82.41%,19.92,I,20.55,I,30 JUN 23,397,28.02,M,28.65,I,<empty>,56,21.51%,81.54%
<empty>,77,22.72%,81.12%,19.57,E,19.90,H,30 JUN 23,398,28.52,M,29.15,I,<empty>,61,21.42%,80.18%
Volume,Open.Int,Impl Vol,Prob.Touch,BID,BX,ASK,AX,Exp,Strike,BID,BX,ASK,AX,Volume,Open.Int,Impl Vol,Prob.Touch
<empty>,810,32.58%,46.30%,86.98,I,88.33,I,15 SEP 23,310,7.20,X,7.53,E,167,"6,182",28.64%,39.37%
<empty>,51,31.98%,48.88%,82.86,I,84.18,I,15 SEP 23,315,7.89,X,8.25,C,133,"11,531",28.20%,42.27%
2,142,31.39%,51.61%,78.80,I,80.09,I,15 SEP 23,320,8.85,Q,9.05,X,125,"2,622",27.91%,45.62%
<empty>,92,30.83%,54.51%,74.81,I,76.07,I,15 SEP 23,325,9.57,C,9.92,X,196,"1,136",27.44%,48.79%
<empty>,102,30.30%,57.58%,70.90,I,72.12,I,15 SEP 23,330,10.44,C,10.84,X,117,"2,531",27.01%,52.19%
<empty>,88,29.78%,60.82%,67.07,M,68.24,I,15 SEP 23,335,11.49,C,11.88,I,97,974,26.67%,55.93%
<empty>,95,29.28%,64.22%,63.30,M,64.45,I,15 SEP 23,340,12.58,C,12.99,C,139,"10,578",26.30%,59.79%
<empty>,29,28.78%,67.78%,59.62,M,60.73,I,15 SEP 23,345,13.72,E,14.18,X,213,"9,147",25.91%,63.79%
10,160,28.29%,71.48%,56.01,M,57.09,I,15 SEP 23,350,14.98,C,15.44,X,203,"5,486",25.53%,67.97%
<empty>,628,27.81%,75.34%,52.48,M,53.53,I,15 SEP 23,355,16.32,C,16.81,X,88,"1,606",25.15%,72.33%
<empty>,164,27.33%,79.36%,49.04,M,50.06,I,15 SEP 23,360,17.76,C,18.27,X,101,"4,290",24.77%,76.85%
1,"1,127",26.86%,83.53%,45.69,M,46.68,I,15 SEP 23,365,19.29,C,19.83,X,84,"1,492",24.39%,81.54%
8,368,26.39%,87.85%,42.43,M,43.39,I,15 SEP 23,370,20.96,E,21.46,X,186,"6,986",24.00%,86.39%
1,354,25.91%,92.32%,39.25,M,40.19,I,15 SEP 23,375,22.65,I,23.23,Z,129,"3,144",23.58%,91.39%
36,751,25.43%,96.94%,36.17,M,37.08,I,15 SEP 23,380,24.63,Q,25.10,C,166,"5,380",23.22%,96.58%
8,"2,825",24.94%,98.19%,33.19,M,34.07,I,15 SEP 23,385,26.47,C,27.09,C,81,"2,586",22.76%,98.05%
83,"5,421",24.45%,93.02%,30.31,M,31.16,I,15 SEP 23,390,28.55,M,29.20,C,323,"14,206",22.33%,92.51%
75,812,23.98%,87.81%,27.59,M,28.36,I,15 SEP 23,395,30.77,C,31.40,A,9,"4,991",21.88%,86.89%
673,"5,961",23.46%,82.52%,24.88,M,25.68,I,15 SEP 23,400,33.11,M,33.88,I,1,"5,278",21.48%,81.25%
95,"2,311",22.97%,77.21%,22.39,E,23.09,E,15 SEP 23,405,35.60,M,36.41,I,1,"2,636",21.03%,75.55%
89,"3,558",22.48%,71.87%,19.98,E,20.67,X,15 SEP 23,410,38.26,M,39.10,I,2,"1,252",20.58%,69.84%
82,"1,549",21.98%,66.52%,17.72,E,18.35,E,15 SEP 23,415,41.04,I,41.97,I,<empty>,"5,046",20.10%,64.10%
176,"2,339",21.53%,61.25%,15.65,X,16.23,E,15 SEP 23,420,44.04,I,45.02,I,54,452,19.64%,58.41%
80,"3,246",21.01%,55.91%,13.59,E,14.19,E,15 SEP 23,425,47.25,I,48.27,I,47,"2,765",19.19%,52.80%
204,"1,675",20.55%,50.76%,11.76,C,12.38,X,15 SEP 23,430,50.66,I,51.73,I,1,"5,432",18.74%,47.30%
199,948,20.11%,45.73%,10.12,X,10.68,C,15 SEP 23,435,54.29,I,55.42,I,2,"1,886",18.30%,41.96%
360,"1,493",19.69%,40.89%,8.61,C,9.19,I,15 SEP 23,440,58.15,I,59.35,I,11,"3,610",17.87%,36.85%
59,987,19.28%,36.26%,7.29,C,7.81,X,15 SEP 23,445,62.26,I,63.53,I,<empty>,"2,966",17.47%,32.04%
467,"1,875",18.94%,31.99%,6.19,X,6.60,X,15 SEP 23,450,66.61,I,67.98,I,9,"2,382",17.12%,27.65%
52,"1,317",18.60%,27.96%,5.11,C,5.61,E,15 SEP 23,455,71.23,I,72.76,I,1,98,17.09%,24.35%
Volume,Open.Int,Impl Vol,Prob.Touch,BID,BX,ASK,AX,Exp,Strike,BID,BX,ASK,AX,Volume,Open.Int,Impl Vol,Prob.Touch
<empty>,0,26.29%,87.22%,43.83,M,44.81,I,29 SEP 23,369,21.25,N,21.90,Z,<empty>,2,24.13%,85.83%
<empty>,360,26.20%,88.08%,43.19,M,44.16,I,29 SEP 23,370,21.59,X,22.24,Z,2,201,24.06%,86.79%
<empty>,1,26.11%,88.95%,42.55,M,43.52,I,29 SEP 23,371,21.93,N,22.55,N,2,40,23.96%,87.74%
<empty>,24,26.02%,89.82%,41.92,M,42.88,I,29 SEP 23,372,22.27,X,22.95,I,1,21,23.90%,88.72%
<empty>,24,25.93%,90.70%,41.29,M,42.24,I,29 SEP 23,373,22.65,N,23.25,N,5,20,23.82%,89.69%
<empty>,5,25.84%,91.58%,40.66,M,41.61,I,29 SEP 23,374,22.98,N,23.60,N,<empty>,16,23.72%,90.66%
<empty>,378,25.74%,92.47%,40.03,M,40.98,I,29 SEP 23,375,23.36,N,23.96,N,5,560,23.65%,91.65%
<empty>,10,25.65%,93.37%,39.41,M,40.36,I,29 SEP 23,376,23.71,A,24.33,N,1,22,23.57%,92.64%
<empty>,4,25.56%,94.27%,38.80,M,39.73,I,29 SEP 23,377,24.06,X,24.70,N,<empty>,3,23.49%,93.64%
<empty>,0,25.47%,95.17%,38.19,M,39.12,I,29 SEP 23,378,24.43,N,25.13,I,<empty>,5,23.43%,94.65%
<empty>,1,25.38%,96.08%,37.58,M,38.50,I,29 SEP 23,379,24.80,N,25.49,Z,<empty>,4,23.34%,95.66%
5,613,25.28%,97.00%,36.97,M,37.89,I,29 SEP 23,380,25.17,I,25.90,Z,20,628,23.26%,96.68%
<empty>,4,25.19%,97.92%,36.37,M,37.29,I,29 SEP 23,381,25.56,X,26.22,N,<empty>,24,23.16%,97.70%
1,15,25.10%,98.85%,35.77,M,36.68,I,29 SEP 23,382,25.95,A,26.61,N,<empty>,46,23.08%,98.72%
<empty>,3,25.00%,99.78%,35.18,M,36.08,I,29 SEP 23,383,26.34,A,27.01,N,10,28,22.99%,99.76%
<empty>,19,24.91%,99.23%,34.59,M,35.49,I,29 SEP 23,384,26.73,I,27.43,X,<empty>,11,22.92%,99.18%
<empty>,68,24.82%,98.23%,34.00,M,34.90,I,29 SEP 23,385,27.13,I,27.83,X,<empty>,465,22.83%,98.11%
<empty>,9,24.72%,97.22%,33.42,M,34.31,I,29 SEP 23,386,27.55,N,28.22,N,<empty>,4,22.75%,97.04%
<empty>,2,24.63%,96.22%,32.84,M,33.73,I,29 SEP 23,387,27.96,N,28.67,N,<empty>,19,22.68%,95.97%
<empty>,3,24.54%,95.21%,32.27,M,33.15,I,29 SEP 23,388,28.36,I,29.06,N,<empty>,7,22.57%,94.89%
<empty>,6,24.44%,94.19%,31.70,M,32.57,I,29 SEP 23,389,28.79,I,29.52,N,<empty>,10,22.51%,93.81%
603,336,24.35%,93.18%,31.13,M,32.00,I,29 SEP 23,390,29.23,H,29.91,N,3,186,22.41%,92.72%
<empty>,9,24.25%,92.16%,30.57,M,31.44,I,29 SEP 23,391,29.66,M,30.35,N,<empty>,9,22.33%,91.64%
<empty>,26,24.16%,91.14%,30.02,M,30.87,I,29 SEP 23,392,30.11,M,30.84,H,<empty>,4,22.27%,90.56%
<empty>,458,24.07%,90.12%,29.46,M,30.32,I,29 SEP 23,393,30.55,H,31.23,N,<empty>,14,22.16%,89.47%
<empty>,125,23.97%,89.10%,28.91,I,29.76,I,29 SEP 23,394,31.00,M,31.68,N,<empty>,87,22.07%,88.38%
<empty>,610,23.87%,88.08%,28.37,M,29.21,I,29 SEP 23,395,31.45,M,32.18,N,2,118,22.00%,87.29%
<empty>,4,23.78%,87.05%,27.83,M,28.67,I,29 SEP 23,396,31.90,M,32.64,N,<empty>,176,21.92%,86.20%
1,29,23.68%,86.02%,27.29,I,28.13,I,29 SEP 23,397,32.36,M,33.10,H,<empty>,10,21.83%,85.10%
2,42,23.59%,84.99%,26.76,M,27.59,I,29 SEP 23,398,32.83,M,33.58,N,<empty>,46,21.75%,84.00%
Volume,Open.Int,Impl Vol,Prob.Touch,BID,BX,ASK,AX,Exp,Strike,BID,BX,ASK,AX,Volume,Open.Int,Impl Vol,Prob.Touch
<empty>,207,32.09%,52.66%,91.22,C,93.65,X,15 DEC 23,310,9.64,X,10.25,C,67,"5,734",28.04%,45.65%
<empty>,158,31.57%,55.12%,87.28,C,89.67,X,15 DEC 23,315,10.48,C,11.22,E,2,"3,994",27.74%,48.62%
1,219,31.08%,57.72%,83.40,X,85.78,X,15 DEC 23,320,11.51,C,11.86,N,51,"7,982",27.31%,51.46%
3,319,30.59%,60.41%,79.58,X,81.92,X,15 DEC 23,325,12.37,C,13.02,C,5,"13,315",26.99%,54.65%
6,"1,021",30.15%,63.28%,75.91,E,78.12,X,15 DEC 23,330,13.42,C,14.18,C,42,"6,461",26.70%,57.99%
<empty>,86,29.68%,66.19%,72.21,E,74.39,X,15 DEC 23,335,14.56,C,15.19,X,184,"4,060",26.32%,61.29%
5,372,29.23%,69.23%,68.59,E,70.73,X,15 DEC 23,340,15.63,C,16.49,X,48,"13,740",25.98%,64.78%
<empty>,195,28.78%,72.38%,65.03,E,67.14,X,15 DEC 23,345,16.92,C,17.66,X,141,"2,541",25.61%,68.35%
4,"2,439",28.35%,75.64%,61.55,B,63.63,X,15 DEC 23,350,18.32,C,19.02,X,27,"24,890",25.30%,72.14%
<empty>,"3,638",27.91%,79.01%,58.14,B,60.18,X,15 DEC 23,355,19.62,C,20.58,C,4,"3,411",24.96%,76.00%
3,875,27.48%,82.48%,54.80,B,56.81,X,15 DEC 23,360,21.26,Q,22.12,X,38,"8,097",24.67%,80.04%
<empty>,"1,667",27.05%,86.06%,51.54,E,53.50,X,15 DEC 23,365,22.71,C,23.75,C,<empty>,"5,003",24.29%,84.09%
1,"1,530",26.63%,89.75%,48.36,E,50.28,X,15 DEC 23,370,24.37,E,25.24,Q,18,"6,252",23.85%,88.25%
30,"3,805",26.19%,93.53%,45.24,E,47.13,X,15 DEC 23,375,26.05,C,27.09,X,21,"19,151",23.49%,92.59%
241,"4,939",25.77%,97.43%,42.21,E,44.07,X,15 DEC 23,380,28.12,Q,28.99,Z,"2,362","8,851",23.21%,97.06%
"3,280","3,234",25.34%,98.45%,39.26,E,41.10,X,15 DEC 23,385,29.66,E,31.15,C,17,"6,613",22.76%,98.33%
2,"2,894",24.91%,94.06%,36.39,E,38.20,X,15 DEC 23,390,31.88,X,33.08,P,"4,006","9,342",22.39%,93.57%
"1,128","4,055",24.47%,89.64%,33.61,E,35.39,X,15 DEC 23,395,34.01,E,35.31,X,"2,508","11,056",22.00%,88.77%
"7,753","7,211",24.18%,85.25%,31.35,M,32.67,X,15 DEC 23,400,36.26,E,37.60,C,61,"16,997",21.59%,83.93%
345,"3,165",23.60%,80.71%,28.33,M,30.05,X,15 DEC 23,405,38.64,M,40.26,C,<empty>,"10,403",21.27%,79.12%
"1,968","3,227",23.15%,76.21%,25.84,M,27.50,Z,15 DEC 23,410,41.06,M,42.83,C,6,"26,096",20.83%,74.21%
12,"1,462",22.60%,71.60%,23.45,M,24.76,X,15 DEC 23,415,43.73,M,45.55,C,1,"6,121",20.42%,69.33%
46,"6,994",22.19%,67.12%,21.18,C,22.55,X,15 DEC 23,420,46.50,X,48.41,X,2,"5,269",19.99%,64.42%
14,"3,576",21.76%,62.63%,19.03,E,20.36,X,15 DEC 23,425,49.49,X,51.44,X,3,"2,556",19.58%,59.55%
9,"2,453",21.36%,58.20%,17.02,E,18.33,X,15 DEC 23,430,52.65,X,54.65,X,2,"3,372",19.17%,54.73%
2,"3,660",20.94%,53.81%,15.12,E,16.39,X,15 DEC 23,435,56.00,X,58.05,X,12,"2,340",18.77%,49.99%
34,"4,582",20.51%,49.45%,13.37,C,14.50,C,15 DEC 23,440,60.00,N,61.66,X,<empty>,"4,435",18.60%,45.81%
15,"5,983",20.13%,45.25%,11.73,C,12.86,X,15 DEC 23,445,63.30,X,65.48,X,<empty>,"3,516",17.98%,40.84%
168,"8,066",19.69%,41.05%,10.40,C,11.01,Q,15 DEC 23,450,67.28,X,69.53,X,143,"12,402",17.61%,36.52%
14,"6,000",19.46%,37.40%,8.91,C,10.05,C,15 DEC 23,455,71.49,X,73.83,X,2,"5,767",17.28%,32.45%
Volume,Open.Int,Impl Vol,Prob.Touch,BID,BX,ASK,AX,Exp,Strike,BID,BX,ASK,AX,Volume,Open.Int,Impl Vol,Prob.Touch
<empty>,47,31.46%,53.82%,91.72,X,95.58,H,19 JAN 24,310,9.56,A,11.40,P,3,"4,886",27.46%,46.82%
<empty>,68,30.93%,56.19%,87.74,A,91.64,I,19 JAN 24,315,10.38,C,12.93,C,3,"2,238",27.43%,50.23%
<empty>,59,30.48%,58.78%,83.92,I,87.80,H,19 JAN 24,320,12.35,Q,13.32,Z,3,"8,479",27.31%,53.56%
<empty>,624,30.02%,61.44%,80.13,N,84.00,I,19 JAN 24,325,13.35,N,14.89,N,59,"4,422",27.22%,57.03%
4,234,29.39%,63.96%,75.97,H,80.27,I,19 JAN 24,330,14.11,H,16.02,N,1,"6,336",26.75%,59.95%
4,22,29.09%,67.04%,72.64,H,76.60,A,19 JAN 24,335,14.34,C,17.21,N,<empty>,"1,855",26.05%,62.61%
1,546,28.55%,69.88%,68.73,I,73.01,A,19 JAN 24,340,15.52,C,18.47,N,1,"4,139",25.72%,66.01%
<empty>,477,28.17%,73.04%,65.31,N,69.47,A,19 JAN 24,345,16.77,Q,18.30,P,109,"2,404",24.81%,68.69%
<empty>,644,27.83%,76.30%,62.02,A,66.00,I,19 JAN 24,350,19.60,N,19.80,N,93,"6,873",25.11%,73.20%
<empty>,375,27.43%,79.61%,58.65,I,62.62,A,19 JAN 24,355,19.53,N,22.93,I,<empty>,"2,908",24.84%,77.00%
4,912,27.02%,82.99%,55.34,A,59.26,N,19 JAN 24,360,22.50,Z,24.62,X,14,"2,181",25.09%,81.37%
<empty>,548,26.66%,86.50%,52.17,I,56.05,I,19 JAN 24,365,22.43,C,26.14,N,11,"2,623",24.12%,84.72%
6,233,26.23%,90.06%,48.89,I,52.88,I,19 JAN 24,370,24.13,A,27.56,A,20,"3,623",23.69%,88.71%
<empty>,"4,494",25.82%,93.74%,45.81,A,49.73,I,19 JAN 24,375,25.78,A,29.99,X,25,"5,390",23.53%,92.95%
5,"1,460",25.32%,97.50%,42.60,N,46.61,N,19 JAN 24,380,29.00,N,31.46,A,244,"2,423",23.49%,97.25%
3,"3,681",25.02%,98.51%,39.88,A,43.76,I,19 JAN 24,385,29.71,C,33.37,Z,81,"1,972",22.70%,98.40%
19,"4,467",24.57%,94.27%,36.89,C,40.88,A,19 JAN 24,390,32.15,Z,35.54,Z,833,"2,943",22.50%,93.89%
2,"1,830",24.22%,90.03%,34.28,I,38.09,X,19 JAN 24,395,33.95,N,37.76,Z,<empty>,"1,654",22.02%,89.30%
17,"5,277",23.76%,85.73%,31.42,C,35.40,A,19 JAN 24,400,37.00,P,40.19,Z,107,"7,569",21.95%,84.87%
31,"3,020",23.26%,81.38%,28.75,N,32.61,N,19 JAN 24,405,38.31,N,42.65,Z,1,"1,174",21.24%,80.06%
767,"2,965",23.27%,77.36%,27.35,B,30.26,I,19 JAN 24,410,40.99,N,44.71,A,1,"2,686",20.75%,75.33%
9,"1,974",22.47%,72.75%,23.89,C,27.73,C,19 JAN 24,415,43.70,N,47.34,A,4,"2,740",20.37%,70.67%
16,"1,465",22.14%,68.52%,23.25,N,24.00,P,19 JAN 24,420,46.21,N,50.33,X,20,"1,092",19.94%,65.95%
256,"2,240",21.62%,64.08%,19.52,X,23.00,N,19 JAN 24,425,49.25,A,53.07,N,22,"1,963",19.50%,61.21%
239,"4,141",21.07%,59.59%,17.00,D,20.91,N,19 JAN 24,430,52.26,N,56.22,A,3,732,19.07%,56.51%
13,"4,122",20.86%,55.63%,15.49,P,19.06,C,19 JAN 24,435,55.61,I,59.50,I,1,"1,394",18.68%,51.93%
10,"8,972",20.69%,51.83%,14.15,P,17.33,Z,19 JAN 24,440,59.05,H,62.98,I,2,"2,174",18.25%,47.33%
20,"2,663",19.88%,46.98%,11.51,C,15.34,C,19 JAN 24,445,62.78,A,66.76,I,<empty>,437,17.90%,43.00%
50,"5,293",19.75%,43.46%,10.46,A,13.87,C,19 JAN 24,450,66.60,A,70.52,X,5,"1,590",17.36%,38.32%
3,"1,625",19.03%,38.84%,8.99,N,11.50,P,19 JAN 24,455,70.73,N,74.66,I,1,829,16.91%,33.99%
Volume,Open.Int,Impl Vol,Prob.Touch,BID,BX,ASK,AX,Exp,Strike,BID,BX,ASK,AX,Volume,Open.Int,Impl Vol,Prob.Touch
<empty>,590,31.34%,60.80%,98.91,I,102.87,H,21 JUN 24,310,12.15,I,16.26,A,<empty>,"1,388",27.05%,53.69%
<empty>,185,30.89%,62.98%,95.21,I,99.10,A,21 JUN 24,315,13.15,I,15.80,Z,<empty>,"2,047",26.16%,55.23%
2,"1,438",30.46%,65.24%,91.52,X,95.44,A,21 JUN 24,320,14.21,I,18.35,A,9,210,26.47%,59.05%
<empty>,171,29.91%,67.41%,87.50,D,91.86,A,21 JUN 24,325,15.34,I,19.50,A,<empty>,"2,843",26.19%,61.86%
<empty>,582,29.61%,69.97%,84.25,A,88.28,I,21 JUN 24,330,16.51,I,20.50,D,6,796,25.83%,64.62%
<empty>,3,29.26%,72.52%,80.86,X,84.79,A,21 JUN 24,335,17.75,I,21.95,I,6,891,25.61%,67.69%
<empty>,273,28.73%,74.93%,77.00,A,81.34,A,21 JUN 24,340,19.06,I,23.00,D,10,"2,545",25.23%,70.59%
<empty>,"3,773",28.34%,77.56%,73.59,A,77.94,A,21 JUN 24,345,20.43,X,24.50,D,2,"1,134",24.99%,73.76%
73,"1,813",28.09%,80.39%,70.64,H,74.61,A,21 JUN 24,350,21.86,X,26.00,D,<empty>,"1,415",24.72%,76.96%
<empty>,508,27.73%,83.16%,67.38,I,71.34,X,21 JUN 24,355,23.35,I,27.34,I,<empty>,520,24.37%,80.15%
85,964,27.34%,85.97%,64.12,X,68.10,I,21 JUN 24,360,26.50,Q,28.78,A,523,"3,193",24.52%,83.86%
<empty>,45,27.00%,88.89%,61.03,H,64.97,X,21 JUN 24,365,26.53,A,30.57,A,68,"13,943",23.77%,86.89%
107,652,26.63%,91.85%,57.92,A,61.88,I,21 JUN 24,370,30.00,N,32.23,I,44,"5,726",23.97%,90.64%
<empty>,"2,897",26.26%,94.87%,54.88,A,58.84,I,21 JUN 24,375,30.12,X,34.23,A,66,"2,137",23.23%,93.97%
147,"3,174",25.92%,97.97%,51.95,A,55.90,I,21 JUN 24,380,33.50,N,35.80,I,193,"5,025",23.27%,97.65%
<empty>,"2,102",25.55%,98.75%,49.03,X,52.96,A,21 JUN 24,385,33.91,I,37.96,X,121,"4,340",22.58%,98.64%
103,"2,617",25.15%,95.21%,46.00,D,50.17,I,21 JUN 24,390,35.98,I,40.04,X,140,"6,271",22.28%,94.80%
1,594,24.75%,91.66%,43.14,A,47.35,A,21 JUN 24,395,40.00,Q,42.18,X,195,"6,669",22.50%,91.09%
259,"1,612",24.42%,88.11%,40.50,D,44.71,A,21 JUN 24,400,42.00,N,44.44,X,135,"8,189",22.12%,87.26%
731,399,24.03%,84.54%,37.82,X,42.01,I,21 JUN 24,405,42.71,I,46.59,A,7,"2,048",21.30%,83.17%
391,"2,234",23.68%,80.99%,35.28,X,39.46,X,21 JUN 24,410,45.12,H,48.97,I,<empty>,"2,619",20.95%,79.26%
517,"2,161",23.34%,77.45%,32.81,X,37.05,I,21 JUN 24,415,47.67,I,51.54,A,38,901,20.63%,75.37%
113,"2,220",23.07%,73.96%,30.74,H,34.62,A,21 JUN 24,420,50.34,I,54.47,X,<empty>,488,20.38%,71.55%
63,"2,816",22.69%,70.41%,28.43,I,32.23,H,21 JUN 24,425,53.09,H,57.18,H,<empty>,660,20.01%,67.64%
12,"3,141",22.26%,66.81%,25.88,X,30.01,I,21 JUN 24,430,56.03,X,59.84,I,<empty>,587,19.60%,63.66%
27,"2,001",21.97%,63.38%,23.98,A,27.84,X,21 JUN 24,435,59.06,A,62.98,I,<empty>,152,19.28%,59.82%
<empty>,"2,275",21.56%,59.82%,21.69,A,25.80,X,21 JUN 24,440,62.27,H,66.11,I,<empty>,177,18.91%,55.93%
<empty>,"1,827",21.31%,56.49%,19.99,A,23.87,X,21 JUN 24,445,65.64,I,69.52,I,<empty>,76,18.58%,52.14%
4,"2,844",20.98%,53.12%,18.15,A,22.01,I,21 JUN 24,450,69.15,H,73.09,I,<empty>,35,18.23%,48.37%
<empty>,986,20.67%,49.81%,16.40,H,20.28,I,21 JUN 24,455,72.90,I,77.23,A,<empty>,60,18.08%,45.06%
Volume,Open.Int,Impl Vol,Prob.Touch,BID,BX,ASK,AX,Exp,Strike,BID,BX,ASK,AX,Volume,Open.Int,Impl Vol,Prob.Touch
<empty>,153,30.33%,64.94%,104.50,D,109.50,D,20 DEC 24,310,14.50,D,17.90,N,<empty>,"4,113",25.51%,56.90%
<empty>,66,29.99%,67.03%,101.00,D,106.00,D,20 DEC 24,315,15.50,D,20.50,D,<empty>,"2,055",25.75%,60.34%
<empty>,697,29.62%,69.13%,97.50,D,102.50,D,20 DEC 24,320,17.50,N,22.00,D,2,"5,537",25.90%,63.57%
<empty>,133,29.23%,71.24%,94.00,D,99.00,D,20 DEC 24,325,18.00,D,23.00,D,<empty>,"3,754",25.35%,65.65%
1,100,28.82%,73.38%,90.50,D,95.50,D,20 DEC 24,330,21.00,N,24.50,D,<empty>,"2,317",25.71%,69.23%
<empty>,79,28.69%,75.88%,87.50,D,92.50,D,20 DEC 24,335,20.50,D,25.50,D,<empty>,"1,340",24.80%,70.95%
1,338,28.24%,78.05%,84.00,D,89.00,D,20 DEC 24,340,23.00,E,27.00,D,<empty>,"1,723",24.92%,74.21%
4,63,28.05%,80.54%,81.00,D,86.00,D,20 DEC 24,345,23.50,D,28.50,D,<empty>,892,24.41%,76.68%
4,649,27.55%,82.79%,77.50,D,82.50,D,20 DEC 24,350,27.50,P,30.50,D,13,"9,733",25.00%,80.43%
<empty>,"1,394",27.31%,85.31%,74.50,D,79.50,D,20 DEC 24,355,29.25,N,32.50,D,<empty>,919,24.90%,83.38%
6,"2,852",27.04%,87.83%,71.50,D,76.50,D,20 DEC 24,360,28.00,D,33.00,D,6,"4,098",23.56%,85.36%
<empty>,"1,027",26.75%,90.38%,68.50,D,73.50,D,20 DEC 24,365,30.00,D,35.00,D,<empty>,"2,267",23.47%,88.51%
1,"2,157",26.43%,92.95%,65.50,D,70.50,D,20 DEC 24,370,31.50,D,36.50,D,<empty>,"3,222",23.08%,91.52%
<empty>,"2,017",26.08%,95.57%,62.50,D,67.50,D,20 DEC 24,375,35.35,E,38.50,D,1,"7,439",23.38%,94.85%
1,"1,856",26.10%,98.28%,61.00,N,64.50,D,20 DEC 24,380,35.50,D,40.50,D,36,"17,952",22.70%,97.91%
6,"3,875",25.57%,98.91%,57.00,D,62.00,D,20 DEC 24,385,37.50,D,42.50,D,5,"2,671",22.45%,98.82%
<empty>,"4,344",25.15%,95.83%,54.00,D,59.00,D,20 DEC 24,390,39.50,D,44.50,D,1,"4,489",22.16%,95.48%
1,"3,365",24.95%,92.78%,51.50,D,56.50,D,20 DEC 24,395,41.50,D,46.50,D,<empty>,"1,839",21.83%,92.13%
5,"6,946",24.72%,89.74%,49.00,D,54.00,D,20 DEC 24,400,44.00,D,49.00,D,13,"6,268",21.70%,88.84%
<empty>,"2,501",24.46%,86.71%,46.50,D,51.50,D,20 DEC 24,405,46.00,D,51.00,D,<empty>,"4,651",21.28%,85.44%
1,"2,692",23.56%,83.41%,43.50,D,47.00,E,20 DEC 24,410,48.50,D,53.50,D,<empty>,817,21.06%,82.13%
6,"4,401",23.86%,80.66%,41.50,D,46.50,D,20 DEC 24,415,51.00,D,56.00,D,5,"3,737",20.80%,78.81%
14,"1,835",23.51%,77.62%,39.00,D,44.00,D,20 DEC 24,420,53.50,D,58.50,D,<empty>,"1,458",20.48%,75.45%
11,"2,204",23.14%,74.57%,36.50,D,41.50,D,20 DEC 24,425,56.00,D,61.00,D,<empty>,764,20.10%,72.03%
42,"2,000",22.24%,71.06%,34.00,D,37.00,Z,20 DEC 24,430,59.00,D,64.00,D,22,"1,607",19.92%,68.81%
18,"1,423",22.53%,68.59%,32.00,D,37.00,D,20 DEC 24,435,62.00,D,67.00,D,<empty>,"3,093",19.68%,65.57%
3,"3,177",22.31%,65.70%,30.00,D,35.00,D,20 DEC 24,440,65.00,D,70.00,D,5,500,19.37%,62.26%
1,"2,377",21.68%,62.39%,28.00,D,31.50,N,20 DEC 24,445,68.00,D,73.00,D,<empty>,381,18.98%,58.85%
191,"3,277",21.27%,59.29%,26.00,D,29.01,P,20 DEC 24,450,71.50,D,76.50,D,<empty>,"1,561",18.81%,55.78%
<empty>,"8,035",21.31%,56.82%,24.00,D,28.50,N,20 DEC 24,455,75.00,D,80.00,D,<empty>,"1,182",18.54%,52.62%
Volume,Open.Int,Impl Vol,Prob.Touch,BID,BX,ASK,AX,Exp,Strike,BID,BX,ASK,AX,Volume,Open.Int,Impl Vol,Prob.Touch
<empty>,12,29.96%,65.11%,105.00,D,110.00,D,17 JAN 25,310,15.00,D,20.00,D,<empty>,179,26.03%,58.66%
<empty>,10,29.62%,67.18%,101.50,D,106.50,D,17 JAN 25,315,16.00,D,21.00,D,3,64,25.71%,60.99%
<empty>,29,29.25%,69.26%,98.00,D,103.00,D,17 JAN 25,320,17.50,D,22.50,D,<empty>,223,25.68%,63.88%
<empty>,32,28.86%,71.36%,94.50,D,99.50,D,17 JAN 25,325,21.00,Q,24.00,D,<empty>,150,26.23%,67.68%
1,24,28.45%,73.48%,91.00,D,96.00,D,17 JAN 25,330,20.00,D,24.80,N,<empty>,303,25.13%,68.95%
<empty>,12,28.32%,75.96%,88.00,D,93.00,D,17 JAN 25,335,21.00,D,26.00,D,<empty>,44,24.74%,71.41%
<empty>,166,27.87%,78.12%,84.50,D,89.50,D,17 JAN 25,340,22.50,D,27.50,D,<empty>,"1,164",24.57%,74.24%
<empty>,15,27.68%,80.60%,81.50,D,86.50,D,17 JAN 25,345,24.00,D,29.00,D,<empty>,29,24.35%,77.05%
10,101,27.46%,83.07%,78.50,D,83.50,D,17 JAN 25,350,25.50,D,30.50,D,1,"1,136",24.10%,79.87%
<empty>,30,26.95%,85.34%,75.00,D,80.00,D,17 JAN 25,355,27.00,D,32.00,D,37,37,23.82%,82.72%
9,138,26.68%,87.86%,72.00,D,77.00,D,17 JAN 25,360,29.00,D,34.00,D,2,298,23.76%,85.81%
<empty>,453,26.65%,90.53%,70.00,Z,74.00,D,17 JAN 25,365,30.50,D,35.50,D,<empty>,490,23.41%,88.70%
<empty>,266,26.07%,92.97%,66.00,D,71.00,D,17 JAN 25,370,32.00,D,37.00,D,20,702,23.03%,91.66%
<empty>,583,25.98%,95.64%,63.50,D,68.50,D,17 JAN 25,375,34.00,D,39.00,D,<empty>,336,22.86%,94.79%
2,484,25.62%,98.27%,60.50,D,65.50,D,17 JAN 25,380,39.00,P,42.00,D,23,618,23.65%,98.06%
<empty>,616,25.22%,98.92%,57.50,D,62.50,D,17 JAN 25,385,38.00,D,43.00,D,2,476,22.41%,98.84%
1,244,25.05%,95.90%,55.00,D,60.00,D,17 JAN 25,390,40.00,D,45.00,D,16,471,22.12%,95.56%
3,84,24.61%,92.85%,52.00,D,57.00,D,17 JAN 25,395,42.00,D,47.00,D,4,587,21.80%,92.27%
5,"1,016",24.38%,89.84%,49.50,D,54.50,D,17 JAN 25,400,44.50,D,49.50,D,16,"1,192",21.68%,89.04%
1,60,24.13%,86.84%,47.00,D,52.00,D,17 JAN 25,405,46.50,D,51.50,D,23,617,21.27%,85.71%
<empty>,174,23.85%,83.84%,44.50,D,49.50,D,17 JAN 25,410,49.00,D,54.00,D,11,851,21.06%,82.47%
1,76,23.54%,80.84%,42.00,D,47.00,D,17 JAN 25,415,51.50,D,56.50,D,10,335,20.80%,79.21%
<empty>,113,23.20%,77.83%,39.50,D,44.50,D,17 JAN 25,420,54.00,D,59.00,D,15,116,20.49%,75.92%
74,488,23.07%,74.98%,37.50,D,42.50,D,17 JAN 25,425,57.00,D,62.00,D,<empty>,113,20.38%,72.81%
<empty>,90,22.67%,71.94%,35.00,D,40.00,D,17 JAN 25,430,59.50,D,64.50,D,22,42,19.96%,69.43%
210,527,22.49%,69.10%,33.00,D,38.00,D,17 JAN 25,435,62.50,D,67.50,D,<empty>,91,19.73%,66.26%
<empty>,257,22.27%,66.27%,31.00,D,36.00,D,17 JAN 25,440,65.50,D,70.50,D,<empty>,69,19.44%,63.04%
<empty>,207,21.78%,63.16%,28.50,D,33.50,D,17 JAN 25,445,68.50,D,73.50,D,<empty>,5,19.08%,59.73%
15,315,21.50%,60.29%,26.50,D,31.50,D,17 JAN 25,450,72.00,D,77.00,D,<empty>,825,18.92%,56.75%
21,220,21.43%,57.72%,25.00,D,30.00,D,17 JAN 25,455,75.50,D,80.50,D,<empty>,13,18.69%,53.70%
Volume,Open.Int,Impl Vol,Prob.Touch,BID,BX,ASK,AX,Exp,Strike,BID,BX,ASK,AX,Volume,Open.Int,Impl Vol,Prob.Touch
<empty>,5,29.79%,66.32%,107.00,D,112.00,D,21 MAR 25,310,16.00,D,21.00,D,<empty>,31,25.89%,60.00%
<empty>,0,29.42%,68.29%,103.50,D,108.50,D,21 MAR 25,315,17.00,D,22.00,D,<empty>,4,25.57%,62.25%
<empty>,25,29.34%,70.67%,100.50,D,105.50,D,21 MAR 25,320,18.50,D,23.50,D,<empty>,63,25.52%,65.03%
1,0,28.94%,72.66%,97.00,D,102.00,D,21 MAR 25,325,19.50,D,24.50,D,6,1,25.14%,67.29%
<empty>,5,28.51%,74.66%,93.50,D,98.50,D,21 MAR 25,330,21.00,D,26.00,D,<empty>,0,25.02%,70.02%
<empty>,1,28.35%,77.01%,90.50,D,95.50,D,21 MAR 25,335,22.00,D,27.00,D,<empty>,1,24.58%,72.32%
<empty>,3,27.89%,79.07%,87.00,D,92.00,D,21 MAR 25,340,23.50,D,28.50,D,<empty>,12,24.40%,75.05%
7,6,27.68%,81.43%,84.00,D,89.00,D,21 MAR 25,345,25.00,D,30.00,D,3,1,24.19%,77.78%
<empty>,5,27.45%,83.78%,81.00,D,86.00,D,21 MAR 25,350,26.50,D,31.50,D,1,26,23.94%,80.51%
<empty>,3,27.19%,86.14%,78.00,D,83.00,D,21 MAR 25,355,28.00,D,33.00,D,<empty>,1,23.66%,83.26%
5,23,26.91%,88.51%,75.00,D,80.00,D,21 MAR 25,360,30.75,N,35.00,D,2,19,23.79%,86.41%
<empty>,5,26.61%,90.91%,72.00,D,77.00,D,21 MAR 25,365,31.50,D,36.50,D,<empty>,3,23.26%,89.06%
<empty>,3,26.29%,93.34%,69.00,D,74.00,D,21 MAR 25,370,33.50,D,38.50,D,<empty>,3,23.13%,92.05%
<empty>,7,25.94%,95.81%,66.00,D,71.00,D,21 MAR 25,375,35.00,D,40.00,D,1,8,22.72%,94.96%
1,79,25.57%,98.34%,63.00,D,68.00,D,21 MAR 25,380,37.00,D,42.00,D,<empty>,8,22.52%,98.01%
1,21,25.42%,98.97%,60.50,D,65.50,D,21 MAR 25,385,39.00,D,44.00,D,<empty>,23,22.29%,98.88%
<empty>,37,25.25%,96.07%,58.00,D,63.00,D,21 MAR 25,390,41.00,D,46.00,D,<empty>,8,22.02%,95.73%
<empty>,27,24.81%,93.15%,55.00,D,60.00,D,21 MAR 25,395,43.50,D,48.50,D,<empty>,3,21.94%,92.61%
2,222,24.24%,90.18%,52.50,D,56.00,N,21 MAR 25,400,45.50,D,50.50,D,<empty>,43,21.59%,89.45%
<empty>,36,24.34%,87.40%,50.00,D,55.00,D,21 MAR 25,405,48.00,D,53.00,D,<empty>,1,21.44%,86.35%
<empty>,39,24.07%,84.54%,47.50,D,52.50,D,21 MAR 25,410,50.00,D,55.00,D,<empty>,22,21.01%,83.14%
<empty>,6,23.77%,81.68%,45.00,D,50.00,D,21 MAR 25,415,52.50,D,57.50,D,<empty>,4,20.77%,80.01%
1,3,23.44%,78.81%,42.50,D,47.50,D,21 MAR 25,420,55.00,D,60.00,D,<empty>,11,20.48%,76.86%
<empty>,26,23.32%,76.08%,40.50,D,45.50,D,21 MAR 25,425,58.00,D,63.00,D,<empty>,2,20.39%,73.88%
1,4,22.94%,73.21%,38.00,D,43.00,D,21 MAR 25,430,60.50,D,65.50,D,9,0,20.00%,70.67%
<empty>,3,22.76%,70.49%,36.00,D,41.00,D,21 MAR 25,435,63.50,D,68.50,D,<empty>,0,19.80%,67.65%
2,8,22.33%,67.58%,33.50,D,38.50,D,21 MAR 25,440,66.50,D,71.50,D,5,5,19.54%,64.58%
<empty>,0,22.11%,64.86%,31.50,D,36.50,D,21 MAR 25,445,69.50,D,74.50,D,<empty>,1,19.22%,61.46%
<empty>,79,21.85%,62.15%,29.50,D,34.50,D,21 MAR 25,450,73.00,D,78.00,D,<empty>,73,19.10%,58.64%
<empty>,12,21.56%,59.42%,27.50,D,32.50,D,21 MAR 25,455,76.00,D,81.00,D,<empty>,4,18.62%,55.30%
Volume,Open.Int,Impl Vol,Prob.Touch,BID,BX,ASK,AX,Exp,Strike,BID,BX,ASK,AX,Volume,Open.Int,Impl Vol,Prob.Touch
<empty>,0,29.30%,70.55%,115.00,D,120.00,D,19 DEC 25,310,20.00,D,25.00,D,<empty>,0,25.54%,64.75%
<empty>,0,28.88%,72.20%,111.50,D,116.50,D,19 DEC 25,315,21.00,D,26.00,D,<empty>,0,25.20%,66.72%
<empty>,0,28.71%,74.20%,108.50,D,113.50,D,19 DEC 25,320,22.50,D,27.50,D,<empty>,0,25.11%,69.14%
<empty>,0,28.27%,75.88%,105.00,D,110.00,D,19 DEC 25,325,23.50,D,28.50,D,<empty>,0,24.74%,71.13%
<empty>,0,28.06%,77.88%,102.00,D,107.00,D,19 DEC 25,330,25.00,D,30.00,D,<empty>,0,24.59%,73.53%
<empty>,0,27.84%,79.87%,99.00,D,104.00,D,19 DEC 25,335,26.50,D,31.50,D,4,13,24.42%,75.91%
<empty>,0,27.60%,81.87%,96.00,D,101.00,D,19 DEC 25,340,28.00,D,33.00,D,<empty>,0,24.23%,78.27%
<empty>,0,27.34%,83.87%,93.00,D,98.00,D,19 DEC 25,345,29.50,D,34.50,D,<empty>,0,24.01%,80.65%
<empty>,0,27.07%,85.88%,90.00,D,95.00,D,19 DEC 25,350,33.00,P,36.00,N,1,0,24.23%,83.48%
1,0,26.78%,87.91%,87.00,D,92.00,D,19 DEC 25,355,32.50,D,37.50,D,<empty>,1,23.50%,85.43%
<empty>,4,26.48%,89.96%,84.00,D,89.00,D,19 DEC 25,360,34.50,D,39.50,D,<empty>,1,23.43%,88.03%
<empty>,0,26.38%,92.14%,81.50,D,86.50,D,19 DEC 25,365,36.00,D,40.00,Q,<empty>,0,22.89%,90.35%
<empty>,0,26.05%,94.23%,78.50,D,83.50,D,19 DEC 25,370,38.00,D,43.00,D,<empty>,1,22.99%,93.08%
4,0,25.91%,96.41%,76.00,D,81.00,D,19 DEC 25,375,40.00,D,45.00,D,1,2,22.83%,95.68%
87,14,25.55%,98.57%,73.00,N,78.00,D,19 DEC 25,380,44.00,N,47.00,D,73,3,23.08%,98.34%
<empty>,0,25.38%,99.10%,70.50,D,75.50,D,19 DEC 25,385,44.00,D,49.00,D,<empty>,0,22.44%,99.04%
<empty>,0,25.19%,96.57%,68.00,D,73.00,D,19 DEC 25,390,46.00,D,51.00,D,<empty>,0,22.21%,96.32%
<empty>,0,24.99%,94.05%,65.50,D,70.50,D,19 DEC 25,395,48.00,D,53.00,D,<empty>,0,21.94%,93.60%
2,12,24.56%,91.51%,62.50,D,67.50,D,19 DEC 25,400,50.00,D,55.00,D,<empty>,0,21.65%,90.89%
1,1,24.53%,89.07%,60.50,D,65.50,D,19 DEC 25,405,52.50,D,57.50,D,<empty>,0,21.53%,88.22%
<empty>,0,24.27%,86.60%,58.00,D,63.00,D,19 DEC 25,410,55.00,D,60.00,D,3,0,21.38%,85.57%
<empty>,0,23.99%,84.13%,55.50,D,60.50,D,19 DEC 25,415,57.00,D,62.00,D,<empty>,0,20.99%,82.83%
3,0,22.94%,81.31%,52.00,D,55.25,N,19 DEC 25,420,59.50,D,64.50,D,2,9,20.77%,80.17%
<empty>,4,23.60%,79.30%,51.00,D,56.00,D,19 DEC 25,425,62.50,D,67.50,D,<empty>,0,20.72%,77.63%
<empty>,1,23.27%,76.85%,48.50,D,53.50,D,19 DEC 25,430,65.00,D,70.00,D,<empty>,0,20.43%,74.95%
<empty>,1,23.12%,74.51%,46.50,D,51.50,D,19 DEC 25,435,67.50,D,72.50,D,22,0,20.10%,72.24%
<empty>,1,22.96%,72.20%,44.50,D,49.50,D,19 DEC 25,440,70.50,D,75.50,D,<empty>,0,19.93%,69.68%
<empty>,0,22.58%,69.73%,42.00,D,47.00,D,19 DEC 25,445,73.50,D,78.50,D,<empty>,0,19.73%,67.11%
<empty>,0,22.37%,67.42%,40.00,D,45.00,D,19 DEC 25,450,76.50,D,81.50,D,<empty>,0,19.48%,64.50%
<empty>,0,22.16%,65.12%,38.00,D,43.00,D,19 DEC 25,455,79.50,D,84.50,D,<empty>,0,19.16%,61.83%
